ID,mastercode,Code,Plot,Subplot,Stratum,Forest,Trunk perimenter (cm),tree ID,Notes-Trunk,Lianas,deadwood .,deadwood%,Bait/Bamboo Height(m)
1,NP1-S1-A1-CA,NP1-S1-A1,NP1-S1,A1,CA,Numba Primary,470,T1,,>20,7,20,31
2,NP1-S1-A2-CA,NP1-S1-A2,NP1-S1,A2,CA,Numba Primary,60,T2,,0,3,30,14
3,NP1-S1-A3-CA,NP1-S1-A3,NP1-S1,A3,CA,Numba Primary,78,T3,,1,3,20,16
4,NP1-S1-A4-CA,NP1-S1-A4,NP1-S1,A4,CA,Numba Primary,54,T4,,0,31,20,15
5,NP1-S1-A1-UN,NP1-S1-A1,NP1-S1,A1,UN,Numba Primary,37,T5,,0,2,10,1.5
6,NP1-S1-A2-UN,NP1-S1-A2,NP1-S1,A2,UN,Numba Primary,27,T6,,3,3,40,1.5
7,NP1-S1-A3-UN,NP1-S1-A3,NP1-S1,A3,UN,Numba Primary,26,T7,,0,3,30,1.5
8,NP1-S1-A4-UN,NP1-S1-A4,NP1-S1,A4,UN,Numba Primary,23,T8,,2,1,20,1.5
9,NP1-S1-B1-CA,NP1-S1-B1,NP1-S1,B1,CA,Numba Primary,73,T9,same as B2 CA,1,0,5,16
10,NP1-S1-B2-CA,NP1-S1-B2,NP1-S1,B2,CA,Numba Primary,73,T9,same as B1 CA,1,0,5,16
11,NP1-S1-B3-CA,NP1-S1-B3,NP1-S1,B3,CA,Numba Primary,462,T11,same as C2 CA,5,1,10,28
12,NP1-S1-B4-CA,NP1-S1-B4,NP1-S1,B4,CA,Numba Primary,45,T33,same as S2 A1 CA,1,0,5,12
13,NP1-S1-B1-UN,NP1-S1-B1,NP1-S1,B1,UN,Numba Primary,24,T13,,0,1,5,1.5
14,NP1-S1-B2-UN,NP1-S1-B2,NP1-S1,B2,UN,Numba Primary,20,T14,,0,0,5,1.5
15,NP1-S1-B3-UN,NP1-S1-B3,NP1-S1,B3,UN,Numba Primary,31,T15,,0,0,5,1.5
16,NP1-S1-B4-UN,NP1-S1-B4,NP1-S1,B4,UN,Numba Primary,17,T16,,0,0,5,1.5
17,NP1-S1-C1-CA,NP1-S1-C1,NP1-S1,C1,CA,Numba Primary,39,T17,,1,0,5,16
18,NP1-S1-C2-CA,NP1-S1-C2,NP1-S1,C2,CA,Numba Primary,462,T11,same as C3 CA,5,1,10,18
19,NP1-S1-C3-CA,NP1-S1-C3,NP1-S1,C3,CA,Numba Primary,462,T11,same as C2 CA,5,1,10,27
20,NP1-S1-C4-CA,NP1-S1-C4,NP1-S1,C4,CA,Numba Primary,103,T20,,7,2,10,22
21,NP1-S1-C1-UN,NP1-S1-C1,NP1-S1,C1,UN,Numba Primary,18,T21,,0,0,5,1.5
22,NP1-S1-C2-UN,NP1-S1-C2,NP1-S1,C2,UN,Numba Primary,28,T22,palm tree,1,0,5,1.5
23,NP1-S1-C3-UN,NP1-S1-C3,NP1-S1,C3,UN,Numba Primary,19,T23,,2,0,5,1.5
24,NP1-S1-C4-UN,NP1-S1-C4,NP1-S1,C4,UN,Numba Primary,44,T24,,1,2,10,1.5
25,NP1-S1-D1-CA,NP1-S1-D1,NP1-S1,D1,CA,Numba Primary,462,T11,same as C2 CA,5,1,10,28
26,NP1-S1-D2-CA,NP1-S1-D2,NP1-S1,D2,CA,Numba Primary,462,T11,same as C2 CA,5,1,10,27
27,NP1-S1-D3-CA,NP1-S1-D3,NP1-S1,D3,CA,Numba Primary,175,T27,same as S4 A3 CA,0,0,5,22
28,NP1-S1-D4-CA,NP1-S1-D4,NP1-S1,D4,CA,Numba Primary,86,T28,,6,0,5,22
29,NP1-S1-D1-UN,NP1-S1-D1,NP1-S1,D1,UN,Numba Primary,29,T29,,2,1,5,1.5
30,NP1-S1-D2-UN,NP1-S1-D2,NP1-S1,D2,UN,Numba Primary,16,T30,,0,0,5,1.5
31,NP1-S1-D3-UN,NP1-S1-D3,NP1-S1,D3,UN,Numba Primary,27,T31,,0,0,5,1.5
32,NP1-S1-D4-UN,NP1-S1-D4,NP1-S1,D4,UN,Numba Primary,29,T32,,1,0,5,1.5
33,NP1-S2-A1-CA,NP1-S2-A1,NP1-S2,A1,CA,Numba Primary,45,T33,same as S1 B4 CA,2,0,5,10
34,NP1-S2-A2-CA,NP1-S2-A2,NP1-S2,A2,CA,Numba Primary,,T34,outside plot,10,7,20,22
35,NP1-S2-A3-CA,NP1-S2-A3,NP1-S2,A3,CA,Numba Primary,,T34,outside plot,10,7,20,21
36,NP1-S2-A4-CA,NP1-S2-A4,NP1-S2,A4,CA,Numba Primary,,T34,outside plot,6,6,20,20
37,NP1-S2-A1-UN,NP1-S2-A1,NP1-S2,A1,UN,Numba Primary,19,T37,,0,4,25,1.5
38,NP1-S2-A2-UN,NP1-S2-A2,NP1-S2,A2,UN,Numba Primary,10,T38,,0,3,20,1.5
39,NP1-S2-A3-UN,NP1-S2-A3,NP1-S2,A3,UN,Numba Primary,18,T39,,0,2,5,1.5
40,NP1-S2-A4-UN,NP1-S2-A4,NP1-S2,A4,UN,Numba Primary,13,T40,,NA,,,1.5
41,NP1-S2-B1-CA,NP1-S2-B1,NP1-S2,B1,CA,Numba Primary,206,T41,same as C1 CA,5,2,5,29
42,NP1-S2-B2-CA,NP1-S2-B2,NP1-S2,B2,CA,Numba Primary,,T34,outside plot,10,7,20,23
43,NP1-S2-B3-CA,NP1-S2-B3,NP1-S2,B3,CA,Numba Primary,233,T43,same as B4 CA,7,3,5,23
44,NP1-S2-B4-CA,NP1-S2-B4,NP1-S2,B4,CA,Numba Primary,233,T43,same as B3 CA,7,3,5,16
45,NP1-S2-B1-UN,NP1-S2-B1,NP1-S2,B1,UN,Numba Primary,32,T45,,1,0,5,1.5
46,NP1-S2-B2-UN,NP1-S2-B2,NP1-S2,B2,UN,Numba Primary,33,T46,,1,1,15,1.5
47,NP1-S2-B3-UN,NP1-S2-B3,NP1-S2,B3,UN,Numba Primary,43,T47,,0,1,5,1.5
48,NP1-S2-B4-UN,NP1-S2-B4,NP1-S2,B4,UN,Numba Primary,16,T48,,1,0,5,1.5
49,NP1-S2-C1-CA,NP1-S2-C1,NP1-S2,C1,CA,Numba Primary,206,T41,same as  B1 CA,5,2,5,22
50,NP1-S2-C2-CA,NP1-S2-C2,NP1-S2,C2,CA,Numba Primary,83,T55,same as C3 UN,0,0,5,17
51,NP1-S2-C3-CA,NP1-S2-C3,NP1-S2,C3,CA,Numba Primary,62,T51,,2,1,5,18
52,NP1-S2-C4-CA,NP1-S2-C4,NP1-S2,C4,CA,Numba Primary,233,T43,same as B4 CA,7,3,5,16
53,NP1-S2-C1-UN,NP1-S2-C1,NP1-S2,C1,UN,Numba Primary,12,T53,,0,0,5,1.5
54,NP1-S2-C2-UN,NP1-S2-C2,NP1-S2,C2,UN,Numba Primary,21,T54,,1,0,5,1.5
55,NP1-S2-C3-UN,NP1-S2-C3,NP1-S2,C3,UN,Numba Primary,83,T55,same as C2 CA,2,1,5,1.5
56,NP1-S2-C4-UN,NP1-S2-C4,NP1-S2,C4,UN,Numba Primary,34,T56,,3,4,10,1.5
57,NP1-S2-D1-CA,NP1-S2-D1,NP1-S2,D1,CA,Numba Primary,42,T57,,4,1,5,24
58,NP1-S2-D2-CA,NP1-S2-D2,NP1-S2,D2,CA,Numba Primary,54,T58,,2,3,10,15
59,NP1-S2-D3-CA,NP1-S2-D3,NP1-S2,D3,CA,Numba Primary,69,T59,same as D4 CA,5,2,5,22
60,NP1-S2-D4-CA,NP1-S2-D4,NP1-S2,D4,CA,Numba Primary,69,T59,same as D3 CA,5,2,5,23
61,NP1-S2-D1-UN,NP1-S2-D1,NP1-S2,D1,UN,Numba Primary,42,T61,,3,0,5,1.5
62,NP1-S2-D2-UN,NP1-S2-D2,NP1-S2,D2,UN,Numba Primary,34,T62,,0,1,5,1.5
63,NP1-S2-D3-UN,NP1-S2-D3,NP1-S2,D3,UN,Numba Primary,53,T63,,4,2,5,1.5
64,NP1-S2-D4-UN,NP1-S2-D4,NP1-S2,D4,UN,Numba Primary,13,T64,,2,1,5,1.5
65,NP1-S3-A1-CA,NP1-S3-A1,NP1-S3,A1,CA,Numba Primary,131,T65,,2,0,5,12
66,NP1-S3-A2-CA,NP1-S3-A2,NP1-S3,A2,CA,Numba Primary,82,T66,same as A1 UN,2,0,5,19
67,NP1-S3-A3-CA,NP1-S3-A3,NP1-S3,A3,CA,Numba Primary,76,T67,,3,0,5,16
68,NP1-S3-A4-CA,NP1-S3-A4,NP1-S3,A4,CA,Numba Primary,82,T68,same as B3 CA,3,0,5,23
69,NP1-S3-A1-UN,NP1-S3-A1,NP1-S3,A1,UN,Numba Primary,82,T66,same as A2 CA,5,0,5,1.5
70,NP1-S3-A2-UN,NP1-S3-A2,NP1-S3,A2,UN,Numba Primary,22,T70,,2,1,5,1.5
71,NP1-S3-A3-UN,NP1-S3-A3,NP1-S3,A3,UN,Numba Primary,23,T71,,2,0,5,1.5
72,NP1-S3-A4-UN,NP1-S3-A4,NP1-S3,A4,UN,Numba Primary,27,T72,,4,0,5,1.5
73,NP1-S3-B1-CA,NP1-S3-B1,NP1-S3,B1,CA,Numba Primary,67,T108,same as S4 B4 CA,1,0,5,14
74,NP1-S3-B2-CA,NP1-S3-B2,NP1-S3,B2,CA,Numba Primary,80,T74,,3,0,5,18
75,NP1-S3-B3-CA,NP1-S3-B3,NP1-S3,B3,CA,Numba Primary,82,T68,same as A4 CA,3,0,5,18
76,NP1-S3-B4-CA,NP1-S3-B4,NP1-S3,B4,CA,Numba Primary,82,T68,same as B3 CA,3,0,5,22
77,NP1-S3-B1-UN,NP1-S3-B1,NP1-S3,B1,UN,Numba Primary,23,T77,,0,0,5,1.5
78,NP1-S3-B2-UN,NP1-S3-B2,NP1-S3,B2,UN,Numba Primary,200,T78,,1,0,5,1.5
79,NP1-S3-B3-UN,NP1-S3-B3,NP1-S3,B3,UN,Numba Primary,25,T79,,1,0,5,1.5
80,NP1-S3-B4-UN,NP1-S3-B4,NP1-S3,B4,UN,Numba Primary,21,T80,,0,0,5,1.5
81,NP1-S3-C1-CA,NP1-S3-C1,NP1-S3,C1,CA,Numba Primary,93,T116,same as D1 CA,3,1,20,14
82,NP1-S3-C2-CA,NP1-S3-C2,NP1-S3,C2,CA,Numba Primary,48,T82,,1,1,5,18
83,NP1-S3-C3-CA,NP1-S3-C3,NP1-S3,C3,CA,Numba Primary,96,T83,,2,0,5,20
84,NP1-S3-C4-CA,NP1-S3-C4,NP1-S3,C4,CA,Numba Primary,47,T84,outside plot,2,0,5,22
85,NP1-S3-C1-UN,NP1-S3-C1,NP1-S3,C1,UN,Numba Primary,10,T85,,0,0,5,1.5
86,NP1-S3-C2-UN,NP1-S3-C2,NP1-S3,C2,UN,Numba Primary,49,T86,,4,0,5,1.5
87,NP1-S3-C3-UN,NP1-S3-C3,NP1-S3,C3,UN,Numba Primary,43,T87,,1,0,5,1.5
88,NP1-S3-C4-UN,NP1-S3-C4,NP1-S3,C4,UN,Numba Primary,34,T88,,1,4,10,1.5
89,NP1-S3-D1-CA,NP1-S3-D1,NP1-S3,D1,CA,Numba Primary,93,T116,same as S4  C4 CA: same as C1 CA; same as S4 D4,3,1,20,13
90,NP1-S3-D2-CA,NP1-S3-D2,NP1-S3,D2,CA,Numba Primary,49,T90,,1,1,10,17
91,NP1-S3-D3-CA,NP1-S3-D3,NP1-S3,D3,CA,Numba Primary,47,T95,same as D3 UN,1,1,10,9
92,NP1-S3-D4-CA,NP1-S3-D4,NP1-S3,D4,CA,Numba Primary,71,T92,,2,0,5,14
93,NP1-S3-D1-UN,NP1-S3-D1,NP1-S3,D1,UN,Numba Primary,19,T93,,2,0,5,1.5
94,NP1-S3-D2-UN,NP1-S3-D2,NP1-S3,D2,UN,Numba Primary,40,T94,,3,1,10,1.5
95,NP1-S3-D3-UN,NP1-S3-D3,NP1-S3,D3,UN,Numba Primary,47,T95,same as D3 CA,3,0,10,1.5
96,NP1-S3-D4-UN,NP1-S3-D4,NP1-S3,D4,UN,Numba Primary,22,T96,,1,1,5,1.5
97,NP1-S4-A1-CA,NP1-S4-A1,NP1-S4,A1,CA,Numba Primary,105,T97,same as A1 CA,1,1,5,19
98,NP1-S4-A2-CA,NP1-S4-A2,NP1-S4,A2,CA,Numba Primary,85,T98,,7,2,5,14
99,NP1-S4-A3-CA,NP1-S4-A3,NP1-S4,A3,CA,Numba Primary,175,T27,same as S1 D3 CA,7,2,5,21
100,NP1-S4-A4-CA,NP1-S4-A4,NP1-S4,A4,CA,Numba Primary,175,T27,same as A3 CA,7,2,5,20
101,NP1-S4-A1-UN,NP1-S4-A1,NP1-S4,A1,UN,Numba Primary,20,T101,,1,0,5,1.5
102,NP1-S4-A2-UN,NP1-S4-A2,NP1-S4,A2,UN,Numba Primary,20,T102,,1,0,5,1.5
103,NP1-S4-A3-UN,NP1-S4-A3,NP1-S4,A3,UN,Numba Primary,33,T103,,1,0,5,1.5
104,NP1-S4-A4-UN,NP1-S4-A4,NP1-S4,A4,UN,Numba Primary,18,T104,,1,2,10,1.5
105,NP1-S4-B1-CA,NP1-S4-B1,NP1-S4,B1,CA,Numba Primary,105,T97,same as A1 CA,3,1,5,15
106,NP1-S4-B2-CA,NP1-S4-B2,NP1-S4,B2,CA,Numba Primary,54,T106,,2,1,5,15
107,NP1-S4-B3-CA,NP1-S4-B3,NP1-S4,B3,CA,Numba Primary,76,T107,same as B2 UN,3,1,5,13
108,NP1-S4-B4-CA,NP1-S4-B4,NP1-S4,B4,CA,Numba Primary,67,T108,same as S3 B1 CA,1,0,5,15
109,NP1-S4-B1-UN,NP1-S4-B1,NP1-S4,B1,UN,Numba Primary,18,T109,,1,1,5,1.5
110,NP1-S4-B2-UN,NP1-S4-B2,NP1-S4,B2,UN,Numba Primary,76,T107,same as B3 CA,30,1,5,1.5
111,NP1-S4-B3-UN,NP1-S4-B3,NP1-S4,B3,UN,Numba Primary,39,T111,,2,1,5,1.5
112,NP1-S4-B4-UN,NP1-S4-B4,NP1-S4,B4,UN,Numba Primary,30,T112,,0,1,5,1.5
113,NP1-S4-C1-CA,NP1-S4-C1,NP1-S4,C1,CA,Numba Primary,252,T113,same as C2 CA,1,6,20,20
114,NP1-S4-C2-CA,NP1-S4-C2,NP1-S4,C2,CA,Numba Primary,252,T113,same as C1 CA,2,3,10,15
115,NP1-S4-C3-CA,NP1-S4-C3,NP1-S4,C3,CA,Numba Primary,252,T113,same as C1 CA,4,4,20,18
116,NP1-S4-C4-CA,NP1-S4-C4,NP1-S4,C4,CA,Numba Primary,93,T116,same as S3 D1 CA,9,4,15,16
117,NP1-S4-C1-UN,NP1-S4-C1,NP1-S4,C1,UN,Numba Primary,28,T117,,1,2,10,1.5
118,NP1-S4-C2-UN,NP1-S4-C2,NP1-S4,C2,UN,Numba Primary,11,T118,,1,2,5,1.5
119,NP1-S4-C3-UN,NP1-S4-C3,NP1-S4,C3,UN,Numba Primary,22,T119,,2,1,5,1.5
120,NP1-S4-C4-UN,NP1-S4-C4,NP1-S4,C4,UN,Numba Primary,30,T120,,1,3,15,1.5
121,NP1-S4-D1-CA,NP1-S4-D1,NP1-S4,D1,CA,Numba Primary,90,T121,same as D2 CA,5,6,15,16
122,NP1-S4-D2-CA,NP1-S4-D2,NP1-S4,D2,CA,Numba Primary,90,T121,same as D1 CA,5,6,15,17
123,NP1-S4-D3-CA,NP1-S4-D3,NP1-S4,D3,CA,Numba Primary,92,T116,same as D4 - same as S3 D1 CA,>20,1,20,19
124,NP1-S4-D4-CA,NP1-S4-D4,NP1-S4,D4,CA,Numba Primary,92,T116,same as D3 CA,8,1,20,16
125,NP1-S4-D1-UN,NP1-S4-D1,NP1-S4,D1,UN,Numba Primary,17,T125,,2,3,20,1.5
126,NP1-S4-D2-UN,NP1-S4-D2,NP1-S4,D2,UN,Numba Primary,26,T126,,1,4,40,1.5
127,NP1-S4-D3-UN,NP1-S4-D3,NP1-S4,D3,UN,Numba Primary,27,T127,,1,2,15,1.5
128,NP1-S4-D4-UN,NP1-S4-D4,NP1-S4,D4,UN,Numba Primary,33,T128,,1,2,25,1.5
129,NP1-S5-A1-CA,NP1-S5-A1,NP1-S5,A1,CA,Numba Primary,420,T129,outside plot: same as A2 CA,6,6,20,25
130,NP1-S5-A2-CA,NP1-S5-A2,NP1-S5,A2,CA,Numba Primary,420,T129,same as A1 CA,6,6,20,26
131,NP1-S5-A3-CA,NP1-S5-A3,NP1-S5,A3,CA,Numba Primary,66,T131,same as A3 CA,4,4,10,20
132,NP1-S5-A4-CA,NP1-S5-A4,NP1-S5,A4,CA,Numba Primary,95,T132,,5,1,5,10
133,NP1-S5-A1-UN,NP1-S5-A1,NP1-S5,A1,UN,Numba Primary,40,T133,,0,1,5,1.5
134,NP1-S5-A2-UN,NP1-S5-A2,NP1-S5,A2,UN,Numba Primary,14,T134,,0,0,5,1.5
135,NP1-S5-A3-UN,NP1-S5-A3,NP1-S5,A3,UN,Numba Primary,22,T135,,1,1,10,1.5
136,NP1-S5-A4-UN,NP1-S5-A4,NP1-S5,A4,UN,Numba Primary,35,T136,,2,1,20,1.5
137,NP1-S5-B1-CA,NP1-S5-B1,NP1-S5,B1,CA,Numba Primary,220,T137,,7,3,5,16
138,NP1-S5-B2-CA,NP1-S5-B2,NP1-S5,B2,CA,Numba Primary,66,T131,same as A3 CA,5,1,5,21
139,NP1-S5-B3-CA,NP1-S5-B3,NP1-S5,B3,CA,Numba Primary,66,T131,same as A3 CA,9,1,5,18
140,NP1-S5-B4-CA,NP1-S5-B4,NP1-S5,B4,CA,Numba Primary,74,T140,same as D3 CA,1,0,5,20
141,NP1-S5-B1-UN,NP1-S5-B1,NP1-S5,B1,UN,Numba Primary,65,T141,,0,1,20,1.5
142,NP1-S5-B2-UN,NP1-S5-B2,NP1-S5,B2,UN,Numba Primary,22,T142,,1,1,10,1.5
143,NP1-S5-B3-UN,NP1-S5-B3,NP1-S5,B3,UN,Numba Primary,42,T143,,5,1,15,1.5
144,NP1-S5-B4-UN,NP1-S5-B4,NP1-S5,B4,UN,Numba Primary,14,T144,,1,1,5,1.5
145,NP1-S5-C1-CA,NP1-S5-C1,NP1-S5,C1,CA,Numba Primary,66,T131,same as A3 CA,7,3,5,17
146,NP1-S5-C2-CA,NP1-S5-C2,NP1-S5,C2,CA,Numba Primary,175,T146,,10,1,5,26
147,NP1-S5-C3-CA,NP1-S5-C3,NP1-S5,C3,CA,Numba Primary,190,T147,same as C4 CA,5,3,5,22
148,NP1-S5-C4-CA,NP1-S5-C4,NP1-S5,C4,CA,Numba Primary,190,T147,same as C3 CA,5,3,5,19
149,NP1-S5-C1-UN,NP1-S5-C1,NP1-S5,C1,UN,Numba Primary,65,T149,,3,2,10,1.5
150,NP1-S5-C2-UN,NP1-S5-C2,NP1-S5,C2,UN,Numba Primary,17,T150,,1,1,5,1.5
151,NP1-S5-C3-UN,NP1-S5-C3,NP1-S5,C3,UN,Numba Primary,25,T151,,3,1,5,1.5
152,NP1-S5-C4-UN,NP1-S5-C4,NP1-S5,C4,UN,Numba Primary,14,T152,,2,0,5,1.5
153,NP1-S5-D1-CA,NP1-S5-D1,NP1-S5,D1,CA,Numba Primary,175,T153,same as D3 CA,6,1,5,15
154,NP1-S5-D2-CA,NP1-S5-D2,NP1-S5,D2,CA,Numba Primary,175,T153,same as D3 CA,18,3,5,21
155,NP1-S5-D3-CA,NP1-S5-D3,NP1-S5,D3,CA,Numba Primary,175,T140,same as C2 CA,5,3,5,18
156,NP1-S5-D4-CA,NP1-S5-D4,NP1-S5,D4,CA,Numba Primary,48,T156,,5,3,5,16
157,NP1-S5-D1-UN,NP1-S5-D1,NP1-S5,D1,UN,Numba Primary,21,T157,,1,2,5,1.5
158,NP1-S5-D2-UN,NP1-S5-D2,NP1-S5,D2,UN,Numba Primary,25,T158,,1,3,20,1.5
159,NP1-S5-D3-UN,NP1-S5-D3,NP1-S5,D3,UN,Numba Primary,50,T159,,1,1,5,1.5
160,NP1-S5-D4-UN,NP1-S5-D4,NP1-S5,D4,UN,Numba Primary,26,T160,,0,2,5,1.5
161,NP2-S1-A1-CA,NP2-S1-A1,NP2-S1,A1,CA,Numba Primary,32,T161,,0,1,10,10
162,NP2-S1-A2-CA,NP2-S1-A2,NP2-S1,A2,CA,Numba Primary,34,T162,,1,0,5,6
163,NP2-S1-A3-CA,NP2-S1-A3,NP2-S1,A3,CA,Numba Primary,36,T163,,1,0,5,9
164,NP2-S1-A4-CA,NP2-S1-A4,NP2-S1,A4,CA,Numba Primary,214,T164,same as B4 CA,>20,9,20,18
165,NP2-S1-A1-UN,NP2-S1-A1,NP2-S1,A1,UN,Numba Primary,33,T165,,3,2,10,1.5
166,NP2-S1-A2-UN,NP2-S1-A2,NP2-S1,A2,UN,Numba Primary,24,T166,,1,0,5,1.5
167,NP2-S1-A3-UN,NP2-S1-A3,NP2-S1,A3,UN,Numba Primary,27,T167,,2,0,5,1.5
168,NP2-S1-A4-UN,NP2-S1-A4,NP2-S1,A4,UN,Numba Primary,33,T168,,2,0,5,1.5
169,NP2-S1-B1-CA,NP2-S1-B1,NP2-S1,B1,CA,Numba Primary,175,T169,same as C1 CA,6,5,10,14
170,NP2-S1-B2-CA,NP2-S1-B2,NP2-S1,B2,CA,Numba Primary,47,T170,,3,0,5,13
171,NP2-S1-B3-CA,NP2-S1-B3,NP2-S1,B3,CA,Numba Primary,90,T171,,4,1,5,14
172,NP2-S1-B4-CA,NP2-S1-B4,NP2-S1,B4,CA,Numba Primary,214,T164,same as A4 CA,>20,9,20,16
173,NP2-S1-B1-UN,NP2-S1-B1,NP2-S1,B1,UN,Numba Primary,17,T173,,0,1,10,1.5
174,NP2-S1-B2-UN,NP2-S1-B2,NP2-S1,B2,UN,Numba Primary,17,T174,,5,0,5,1.5
175,NP2-S1-B3-UN,NP2-S1-B3,NP2-S1,B3,UN,Numba Primary,38,T175,,4,0,5,1.5
176,NP2-S1-B4-UN,NP2-S1-B4,NP2-S1,B4,UN,Numba Primary,14,T176,,9,0,5,1.5
177,NP2-S1-C1-CA,NP2-S1-C1,NP2-S1,C1,CA,Numba Primary,175,T169,same as B1 CA,6,5,10,12
178,NP2-S1-C2-CA,NP2-S1-C2,NP2-S1,C2,CA,Numba Primary,175,T169,same as B1 CA,6,5,10,23
179,NP2-S1-C3-CA,NP2-S1-C3,NP2-S1,C3,CA,Numba Primary,214,T164,same as A4 CA,>20,9,50,16
180,NP2-S1-C4-CA,NP2-S1-C4,NP2-S1,C4,CA,Numba Primary,160,T180,same as D4 CA,4,0,5,12
181,NP2-S1-C1-UN,NP2-S1-C1,NP2-S1,C1,UN,Numba Primary,57,T181,,6,4,10,1.5
182,NP2-S1-C2-UN,NP2-S1-C2,NP2-S1,C2,UN,Numba Primary,20,T182,,0,1,10,1.5
183,NP2-S1-C3-UN,NP2-S1-C3,NP2-S1,C3,UN,Numba Primary,26,T183,,4,0,5,1.5
184,NP2-S1-C4-UN,NP2-S1-C4,NP2-S1,C4,UN,Numba Primary,45,T184,,3,0,5,1.5
185,NP2-S1-D1-CA,NP2-S1-D1,NP2-S1,D1,CA,Numba Primary,175,T169,same as B1 CA,6,5,10,16
186,NP2-S1-D2-CA,NP2-S1-D2,NP2-S1,D2,CA,Numba Primary,72,T186,,3,1,5,11
187,NP2-S1-D3-CA,NP2-S1-D3,NP2-S1,D3,CA,Numba Primary,65,T187,,1,1,10,16
188,NP2-S1-D4-CA,NP2-S1-D4,NP2-S1,D4,CA,Numba Primary,160,T180,same as C4 CA,4,0,5,16
189,NP2-S1-D1-UN,NP2-S1-D1,NP2-S1,D1,UN,Numba Primary,37,T189,,1,1,5,1.5
190,NP2-S1-D2-UN,NP2-S1-D2,NP2-S1,D2,UN,Numba Primary,18,T190,,2,1,10,1.5
191,NP2-S1-D3-UN,NP2-S1-D3,NP2-S1,D3,UN,Numba Primary,22,T191,,4,1,5,1.5
192,NP2-S1-D4-UN,NP2-S1-D4,NP2-S1,D4,UN,Numba Primary,38,T192,,5,0,5,1.5
193,NP2-S2-A1-CA,NP2-S2-A1,NP2-S2,A1,CA,Numba Primary,35,T193,,7,0,5,10
194,NP2-S2-A2-CA,NP2-S2-A2,NP2-S2,A2,CA,Numba Primary,43,T194,,>20,3,10,30
195,NP2-S2-A3-CA,NP2-S2-A3,NP2-S2,A3,CA,Numba Primary,38,T195,,0,1,5,12
196,NP2-S2-A4-CA,NP2-S2-A4,NP2-S2,A4,CA,Numba Primary,106,T196,,12,0,5,27
197,NP2-S2-A1-UN,NP2-S2-A1,NP2-S2,A1,UN,Numba Primary,30,T197,,7,0,5,1.5
198,NP2-S2-A2-UN,NP2-S2-A2,NP2-S2,A2,UN,Numba Primary,20,T198,,1,1,5,1.5
199,NP2-S2-A3-UN,NP2-S2-A3,NP2-S2,A3,UN,Numba Primary,29,T199,,6,0,5,1.5
200,NP2-S2-A4-UN,NP2-S2-A4,NP2-S2,A4,UN,Numba Primary,26,T200,,1,1,5,1.5
201,NP2-S2-B1-CA,NP2-S2-B1,NP2-S2,B1,CA,Numba Primary,54,T201,,7,0,5,12
202,NP2-S2-B2-CA,NP2-S2-B2,NP2-S2,B2,CA,Numba Primary,51,T202,same as B1 UN,8,1,5,9
203,NP2-S2-B3-CA,NP2-S2-B3,NP2-S2,B3,CA,Numba Primary,60,T203,same as C3 CA,4,0,5,13
204,NP2-S2-B4-CA,NP2-S2-B4,NP2-S2,B4,CA,Numba Primary,51,T204,,4,1,10,15
205,NP2-S2-B1-UN,NP2-S2-B1,NP2-S2,B1,UN,Numba Primary,51,T202,same as B1 CA,8,1,5,1.5
206,NP2-S2-B2-UN,NP2-S2-B2,NP2-S2,B2,UN,Numba Primary,21,T206,,4,0,5,1.5
207,NP2-S2-B3-UN,NP2-S2-B3,NP2-S2,B3,UN,Numba Primary,24,T207,,2,0,5,1.5
208,NP2-S2-B4-UN,NP2-S2-B4,NP2-S2,B4,UN,Numba Primary,32,T208,,4,1,10,1.5
209,NP2-S2-C1-CA,NP2-S2-C1,NP2-S2,C1,CA,Numba Primary,307,T209,same as C2 CA,>20,1,5,26
210,NP2-S2-C2-CA,NP2-S2-C2,NP2-S2,C2,CA,Numba Primary,307,T209,same as C1 CA,>20,1,5,24
211,NP2-S2-C3-CA,NP2-S2-C3,NP2-S2,C3,CA,Numba Primary,60,T203,same as B3 CA,4,0,5,13
212,NP2-S2-C4-CA,NP2-S2-C4,NP2-S2,C4,CA,Numba Primary,62,T212,same as C4 UN,6,0,5,13
213,NP2-S2-C1-UN,NP2-S2-C1,NP2-S2,C1,UN,Numba Primary,29,T213,,3,0,5,1.5
214,NP2-S2-C2-UN,NP2-S2-C2,NP2-S2,C2,UN,Numba Primary,19,T214,,3,1,10,1.5
215,NP2-S2-C3-UN,NP2-S2-C3,NP2-S2,C3,UN,Numba Primary,60,T215,,4,0,5,1.5
216,NP2-S2-C4-UN,NP2-S2-C4,NP2-S2,C4,UN,Numba Primary,62,T212,same as C4 CA,6,0,5,1.5
217,NP2-S2-D1-CA,NP2-S2-D1,NP2-S2,D1,CA,Numba Primary,67,T217,same as D2 CA,8,0,5,15
218,NP2-S2-D2-CA,NP2-S2-D2,NP2-S2,D2,CA,Numba Primary,67,T217,same as D1 CA,8,0,5,12
219,NP2-S2-D3-CA,NP2-S2-D3,NP2-S2,D3,CA,Numba Primary,33,T219,,19,0,5,9
220,NP2-S2-D4-CA,NP2-S2-D4,NP2-S2,D4,CA,Numba Primary,62,T220,,6,0,5,12
221,NP2-S2-D1-UN,NP2-S2-D1,NP2-S2,D1,UN,Numba Primary,41,T221,,6,0,5,1.5
222,NP2-S2-D2-UN,NP2-S2-D2,NP2-S2,D2,UN,Numba Primary,58,T222,,4,0,5,1.5
223,NP2-S2-D3-UN,NP2-S2-D3,NP2-S2,D3,UN,Numba Primary,37,T223,,6,0,5,1.5
224,NP2-S2-D4-UN,NP2-S2-D4,NP2-S2,D4,UN,Numba Primary,42,T224,,3,0,5,1.5
225,NP2-S3-A1-CA,NP2-S3-A1,NP2-S3,A1,CA,Numba Primary,83,T225,same as B1 UN,4,1,20,20
226,NP2-S3-A2-CA,NP2-S3-A2,NP2-S3,A2,CA,Numba Primary,83,T225,same as A1 CA,4,1,20,21
227,NP2-S3-A3-CA,NP2-S3-A3,NP2-S3,A3,CA,Numba Primary,68,T227,same as A3 UN,8,0,5,12
228,NP2-S3-A4-CA,NP2-S3-A4,NP2-S3,A4,CA,Numba Primary,62,T228,same as A4 UN,6,0,5,13
229,NP2-S3-A1-UN,NP2-S3-A1,NP2-S3,A1,UN,Numba Primary,42,T229,,4,0,5,1.5
230,NP2-S3-A2-UN,NP2-S3-A2,NP2-S3,A2,UN,Numba Primary,36,T230,,3,0,10,1.5
231,NP2-S3-A3-UN,NP2-S3-A3,NP2-S3,A3,UN,Numba Primary,68,T227,same as A3 CA,8,0,5,1.5
232,NP2-S3-A4-UN,NP2-S3-A4,NP2-S3,A4,UN,Numba Primary,62,T228,same as A4 CA,6,0,5,1.5
233,NP2-S3-B1-CA,NP2-S3-B1,NP2-S3,B1,CA,Numba Primary,100,T233,outside of plot: same as S4-B4-CA,7,2,40,12
234,NP2-S3-B2-CA,NP2-S3-B2,NP2-S3,B2,CA,Numba Primary,87,T234,same as B3 CA,16,2,50,22
235,NP2-S3-B3-CA,NP2-S3-B3,NP2-S3,B3,CA,Numba Primary,87,T234,same as B2 CA,16,2,50,18
236,NP2-S3-B4-CA,NP2-S3-B4,NP2-S3,B4,CA,Numba Primary,65,T236,,2,0,5,12
237,NP2-S3-B1-UN,NP2-S3-B1,NP2-S3,B1,UN,Numba Primary,83,T225,same as A1 CA,4,1,20,1.5
238,NP2-S3-B2-UN,NP2-S3-B2,NP2-S3,B2,UN,Numba Primary,20,T238,,0,1,10,1.5
239,NP2-S3-B3-UN,NP2-S3-B3,NP2-S3,B3,UN,Numba Primary,21,T239,,0,1,10,1.5
240,NP2-S3-B4-UN,NP2-S3-B4,NP2-S3,B4,UN,Numba Primary,22,T240,,1,1,5,1.5
241,NP2-S3-C1-CA,NP2-S3-C1,NP2-S3,C1,CA,Numba Primary,58,T241,,12,0,5,13
242,NP2-S3-C2-CA,NP2-S3-C2,NP2-S3,C2,CA,Numba Primary,77,T242,same as D3 UN,18,0,5,13
243,NP2-S3-C3-CA,NP2-S3-C3,NP2-S3,C3,CA,Numba Primary,77,T242,same as C2 CA,18,0,5,12
244,NP2-S3-C4-CA,NP2-S3-C4,NP2-S3,C4,CA,Numba Primary,68,T244,,5,0,5,15
245,NP2-S3-C1-UN,NP2-S3-C1,NP2-S3,C1,UN,Numba Primary,49,T245,same as D1 CA,5,0,5,1.5
246,NP2-S3-C2-UN,NP2-S3-C2,NP2-S3,C2,UN,Numba Primary,51,T246,,7,0,10,1.5
247,NP2-S3-C3-UN,NP2-S3-C3,NP2-S3,C3,UN,Numba Primary,51,T247,,4,1,5,1.5
248,NP2-S3-C4-UN,NP2-S3-C4,NP2-S3,C4,UN,Numba Primary,21,T248,,1,0,5,1.5
249,NP2-S3-D1-CA,NP2-S3-D1,NP2-S3,D1,CA,Numba Primary,49,T245,same as C1 UN,5,0,5,15
250,NP2-S3-D2-CA,NP2-S3-D2,NP2-S3,D2,CA,Numba Primary,73,T250,same as D1 UN,11,0,5,15
251,NP2-S3-D3-CA,NP2-S3-D3,NP2-S3,D3,CA,Numba Primary,77,T242,same as C1 CA,18,0,5,12
252,NP2-S3-D4-CA,NP2-S3-D4,NP2-S3,D4,CA,Numba Primary,46,T252,,6,0,5,12
253,NP2-S3-D1-UN,NP2-S3-D1,NP2-S3,D1,UN,Numba Primary,73,T250,same as D2 CA,11,0,5,1.5
254,NP2-S3-D2-UN,NP2-S3-D2,NP2-S3,D2,UN,Numba Primary,52,T254,,2,1,5,1.5
255,NP2-S3-D3-UN,NP2-S3-D3,NP2-S3,D3,UN,Numba Primary,77,T242,same as C2 CA,18,0,5,1.5
256,NP2-S3-D4-UN,NP2-S3-D4,NP2-S3,D4,UN,Numba Primary,46,T256,,6,0,5,1.5
257,NP2-S4-A1-CA,NP2-S4-A1,NP2-S4,A1,CA,Numba Primary,116,T257,same as A2 CA,4,2,20,20
258,NP2-S4-A2-CA,NP2-S4-A2,NP2-S4,A2,CA,Numba Primary,116,T257,same as A1 CA,4,0,5,27
259,NP2-S4-A3-CA,NP2-S4-A3,NP2-S4,A3,CA,Numba Primary,183,T259,,>20,3,10,28
260,NP2-S4-A4-CA,NP2-S4-A4,NP2-S4,A4,CA,Numba Primary,105,T260,,3,6,15,15
261,NP2-S4-A1-UN,NP2-S4-A1,NP2-S4,A1,UN,Numba Primary,28,T261,,7,0,5,1.5
262,NP2-S4-A2-UN,NP2-S4-A2,NP2-S4,A2,UN,Numba Primary,29,T262,,3,0,5,1.5
263,NP2-S4-A3-UN,NP2-S4-A3,NP2-S4,A3,UN,Numba Primary,13,T263,,1,1,50,1.5
264,NP2-S4-A4-UN,NP2-S4-A4,NP2-S4,A4,UN,Numba Primary,14,T264,,1,1,50,1.5
265,NP2-S4-B1-CA,NP2-S4-B1,NP2-S4,B1,CA,Numba Primary,98,T265,same as B2 CA,4,5,10,13
266,NP2-S4-B2-CA,NP2-S4-B2,NP2-S4,B2,CA,Numba Primary,98,T265,same as B1 CA,4,5,10,10
267,NP2-S4-B3-CA,NP2-S4-B3,NP2-S4,B3,CA,Numba Primary,73,T267,,1,20,50,9
268,NP2-S4-B4-CA,NP2-S4-B4,NP2-S4,B4,CA,Numba Primary,105,T233,same as S3-B1-CA,3,6,15,19
269,NP2-S4-B1-UN,NP2-S4-B1,NP2-S4,B1,UN,Numba Primary,26,T269,,3,2,40,1.5
270,NP2-S4-B2-UN,NP2-S4-B2,NP2-S4,B2,UN,Numba Primary,99,T270,,4,5,10,1.5
271,NP2-S4-B3-UN,NP2-S4-B3,NP2-S4,B3,UN,Numba Primary,74,T271,,1,20,50,1.5
272,NP2-S4-B4-UN,NP2-S4-B4,NP2-S4,B4,UN,Numba Primary,30,T272,,2,1,5,1.5
273,NP2-S4-C1-CA,NP2-S4-C1,NP2-S4,C1,CA,Numba Primary,98,T265,same as B1 CA,4,5,10,10
274,NP2-S4-C2-CA,NP2-S4-C2,NP2-S4,C2,CA,Numba Primary,125,T274,same as D3 CA,1,11,20,17
275,NP2-S4-C3-CA,NP2-S4-C3,NP2-S4,C3,CA,Numba Primary,125,T274,same as D3 CA,2,11,20,17
276,NP2-S4-C4-CA,NP2-S4-C4,NP2-S4,C4,CA,Numba Primary,84,T276,same as D4 CA,2,4,5,18
277,NP2-S4-C1-UN,NP2-S4-C1,NP2-S4,C1,UN,Numba Primary,22,T277,,1,0,5,1.5
278,NP2-S4-C2-UN,NP2-S4-C2,NP2-S4,C2,UN,Numba Primary,69,T278,,2,1,10,1.5
279,NP2-S4-C3-UN,NP2-S4-C3,NP2-S4,C3,UN,Numba Primary,23,T279,,1,0,5,1.5
280,NP2-S4-C4-UN,NP2-S4-C4,NP2-S4,C4,UN,Numba Primary,75,T280,,NA,,,1.5
281,NP2-S4-D1-CA,NP2-S4-D1,NP2-S4,D1,CA,Numba Primary,161,T281,,4,15,40,12
282,NP2-S4-D2-CA,NP2-S4-D2,NP2-S4,D2,CA,Numba Primary,40,T282,,1,10,15,9
283,NP2-S4-D3-CA,NP2-S4-D3,NP2-S4,D3,CA,Numba Primary,125,T274,same as C2 CA,2,11,20,17
284,NP2-S4-D4-CA,NP2-S4-D4,NP2-S4,D4,CA,Numba Primary,84,T276,same as C4 CA,2,4,5,13
285,NP2-S4-D1-UN,NP2-S4-D1,NP2-S4,D1,UN,Numba Primary,31,T285,,3,0,5,1.5
286,NP2-S4-D2-UN,NP2-S4-D2,NP2-S4,D2,UN,Numba Primary,38,T286,,1,3,20,1.5
287,NP2-S4-D3-UN,NP2-S4-D3,NP2-S4,D3,UN,Numba Primary,24,T287,,2,11,20,1.5
288,NP2-S4-D4-UN,NP2-S4-D4,NP2-S4,D4,UN,Numba Primary,27,T288,,5,2,5,1.5
289,NP2-S5-A1-CA,NP2-S5-A1,NP2-S5,A1,CA,Numba Primary,622,T289,with buttress,2,21,40,16
290,NP2-S5-A2-CA,NP2-S5-A2,NP2-S5,A2,CA,Numba Primary,228,T290,,9,3,5,20
291,NP2-S5-A3-CA,NP2-S5-A3,NP2-S5,A3,CA,Numba Primary,103,T291,same as B2 UN,3,9,20,17
292,NP2-S5-A4-CA,NP2-S5-A4,NP2-S5,A4,CA,Numba Primary,87,T292,same as B4 CA,3,1,5,16
293,NP2-S5-A1-UN,NP2-S5-A1,NP2-S5,A1,UN,Numba Primary,55,T293,,4,1,10,1.5
294,NP2-S5-A2-UN,NP2-S5-A2,NP2-S5,A2,UN,Numba Primary,54,T294,,2,0,5,1.5
295,NP2-S5-A3-UN,NP2-S5-A3,NP2-S5,A3,UN,Numba Primary,34,T295,slighyl outside plot,3,0,5,1.5
296,NP2-S5-A4-UN,NP2-S5-A4,NP2-S5,A4,UN,Numba Primary,45,T296,,1,1,5,1.5
297,NP2-S5-B1-CA,NP2-S5-B1,NP2-S5,B1,CA,Numba Primary,165,T297,,4,5,30,23
298,NP2-S5-B2-CA,NP2-S5-B2,NP2-S5,B2,CA,Numba Primary,103,T291,same as A3 CA,9,3,5,13
299,NP2-S5-B3-CA,NP2-S5-B3,NP2-S5,B3,CA,Numba Primary,103,T291,same as A3 CA,9,3,5,21
300,NP2-S5-B4-CA,NP2-S5-B4,NP2-S5,B4,CA,Numba Primary,87,T292,same as A4 CA,3,1,5,20
301,NP2-S5-B1-UN,NP2-S5-B1,NP2-S5,B1,UN,Numba Primary,32,T301,,2,2,20,1.5
302,NP2-S5-B2-UN,NP2-S5-B2,NP2-S5,B2,UN,Numba Primary,103,T291,same as A3 CA,9,3,5,1.5
303,NP2-S5-B3-UN,NP2-S5-B3,NP2-S5,B3,UN,Numba Primary,19,T303,,3,2,10,1.5
304,NP2-S5-B4-UN,NP2-S5-B4,NP2-S5,B4,UN,Numba Primary,48,T304,,5,0,5,1.5
305,NP2-S5-C1-CA,NP2-S5-C1,NP2-S5,C1,CA,Numba Primary,230,T305,same as C2 CA,5,17,70,25
306,NP2-S5-C2-CA,NP2-S5-C2,NP2-S5,C2,CA,Numba Primary,230,T305,same as C1 CA,5,17,70,30
307,NP2-S5-C3-CA,NP2-S5-C3,NP2-S5,C3,CA,Numba Primary,103,T291,same as A3 CA,9,3,5,18
308,NP2-S5-C4-CA,NP2-S5-C4,NP2-S5,C4,CA,Numba Primary,67,T308,,3,1,20,14
309,NP2-S5-C1-UN,NP2-S5-C1,NP2-S5,C1,UN,Numba Primary,36,T309,,2,0,5,1.5
310,NP2-S5-C2-UN,NP2-S5-C2,NP2-S5,C2,UN,Numba Primary,71,T313,same as D1 CA,2,2,20,1.5
311,NP2-S5-C3-UN,NP2-S5-C3,NP2-S5,C3,UN,Numba Primary,29,T311,,2,1,10,1.5
312,NP2-S5-C4-UN,NP2-S5-C4,NP2-S5,C4,UN,Numba Primary,18,T312,,2,1,10,1.5
313,NP2-S5-D1-CA,NP2-S5-D1,NP2-S5,D1,CA,Numba Primary,71,T313,same as C2 UN,2,2,20,15
314,NP2-S5-D2-CA,NP2-S5-D2,NP2-S5,D2,CA,Numba Primary,71,T313,same as D1 CA,2,2,20,16
315,NP2-S5-D3-CA,NP2-S5-D3,NP2-S5,D3,CA,Numba Primary,64,T315,same as D4 UN,5,3,10,14
316,NP2-S5-D4-CA,NP2-S5-D4,NP2-S5,D4,CA,Numba Primary,75,T316,,0,2,5,19
317,NP2-S5-D1-UN,NP2-S5-D1,NP2-S5,D1,UN,Numba Primary,22,T317,,2,1,30,1.5
318,NP2-S5-D2-UN,NP2-S5-D2,NP2-S5,D2,UN,Numba Primary,40,T318,,2,0,5,1.5
319,NP2-S5-D3-UN,NP2-S5-D3,NP2-S5,D3,UN,Numba Primary,24,T319,,1,1,10,1.5
320,NP2-S5-D4-UN,NP2-S5-D4,NP2-S5,D4,UN,Numba Primary,64,T315,same as D3 CA,5,3,10,1.5
321,NP4-S1-A1-CA,NP4-S1-A1,NP4-S1,A1,CA,Numba Primary,180,T321,,12,1,10,25
322,NP4-S1-A2-CA,NP4-S1-A2,NP4-S1,A2,CA,Numba Primary,212,T322,,1,1,5,26
323,NP4-S1-A3-CA,NP4-S1-A3,NP4-S1,A3,CA,Numba Primary,75,T327,same as A3 UN,4,0,5,12
324,NP4-S1-A4-CA,NP4-S1-A4,NP4-S1,A4,CA,Numba Primary,127,T324,,6,0,5,22
325,NP4-S1-A1-UN,NP4-S1-A1,NP4-S1,A1,UN,Numba Primary,29,T325,,2,1,10,1.5
326,NP4-S1-A2-UN,NP4-S1-A2,NP4-S1,A2,UN,Numba Primary,31,T326,,1,0,5,1.5
327,NP4-S1-A3-UN,NP4-S1-A3,NP4-S1,A3,UN,Numba Primary,75,T327,same as A3 CA,2,0,5,1.5
328,NP4-S1-A4-UN,NP4-S1-A4,NP4-S1,A4,UN,Numba Primary,27,T328,,1,0,5,1.5
329,NP4-S1-B1-CA,NP4-S1-B1,NP4-S1,B1,CA,Numba Primary,57,T329,,2,1,10,15
330,NP4-S1-B2-CA,NP4-S1-B2,NP4-S1,B2,CA,Numba Primary,46,T330,,2,0,5,9
331,NP4-S1-B3-CA,NP4-S1-B3,NP4-S1,B3,CA,Numba Primary,99,T331,same as B4 CA,9,0,5,15
332,NP4-S1-B4-CA,NP4-S1-B4,NP4-S1,B4,CA,Numba Primary,99,T331,same as B3 CA,9,0,5,18
333,NP4-S1-B1-UN,NP4-S1-B1,NP4-S1,B1,UN,Numba Primary,27,T333,,2,1,9,1.5
334,NP4-S1-B2-UN,NP4-S1-B2,NP4-S1,B2,UN,Numba Primary,43,T334,,2,0,5,1.5
335,NP4-S1-B3-UN,NP4-S1-B3,NP4-S1,B3,UN,Numba Primary,31,T335,,3,0,5,1.5
336,NP4-S1-B4-UN,NP4-S1-B4,NP4-S1,B4,UN,Numba Primary,96,T336,,6,1,5,1.5
337,NP4-S1-C1-CA,NP4-S1-C1,NP4-S1,C1,CA,Numba Primary,84,T337,same as S5 C4 CA,1,0,5,16
338,NP4-S1-C2-CA,NP4-S1-C2,NP4-S1,C2,CA,Numba Primary,145,T338,same as C3 CA,11,1,10,22
339,NP4-S1-C3-CA,NP4-S1-C3,NP4-S1,C3,CA,Numba Primary,145,T338,same as C2 CA,11,1,10,22
340,NP4-S1-C4-CA,NP4-S1-C4,NP4-S1,C4,CA,Numba Primary,118,T340,,6,1,5,21
341,NP4-S1-C1-UN,NP4-S1-C1,NP4-S1,C1,UN,Numba Primary,32,T341,,0,2,5,1.5
342,NP4-S1-C2-UN,NP4-S1-C2,NP4-S1,C2,UN,Numba Primary,26,T342,,0,0,5,1.5
343,NP4-S1-C3-UN,NP4-S1-C3,NP4-S1,C3,UN,Numba Primary,14,T343,,1,0,5,1.5
344,NP4-S1-C4-UN,NP4-S1-C4,NP4-S1,C4,UN,Numba Primary,29,T344,,2,0,5,1.5
345,NP4-S1-D1-CA,NP4-S1-D1,NP4-S1,D1,CA,Numba Primary,228,T345,same as S4 A1 CA,>20,0,10,25
346,NP4-S1-D2-CA,NP4-S1-D2,NP4-S1,D2,CA,Numba Primary,340,T346,,2,0,10,24
347,NP4-S1-D3-CA,NP4-S1-D3,NP4-S1,D3,CA,Numba Primary,41,T347,,1,0,5,11
348,NP4-S1-D4-CA,NP4-S1-D4,NP4-S1,D4,CA,Numba Primary,21,T348,,10,1,10,20
349,NP4-S1-D1-UN,NP4-S1-D1,NP4-S1,D1,UN,Numba Primary,21,T349,,1,0,5,1.5
350,NP4-S1-D2-UN,NP4-S1-D2,NP4-S1,D2,UN,Numba Primary,24,T350,,1,1,10,1.5
351,NP4-S1-D3-UN,NP4-S1-D3,NP4-S1,D3,UN,Numba Primary,14,T351,,1,0,5,1.5
352,NP4-S1-D4-UN,NP4-S1-D4,NP4-S1,D4,UN,Numba Primary,36,T352,,1,0,5,1.5
353,NP4-S2-A1-CA,NP4-S2-A1,NP4-S2,A1,CA,Numba Primary,211,T363,same as B3 CA,>20,3,10,19
354,NP4-S2-A2-CA,NP4-S2-A2,NP4-S2,A2,CA,Numba Primary,245,T354,same as A3 CA,>20,3,10,31
355,NP4-S2-A3-CA,NP4-S2-A3,NP4-S2,A3,CA,Numba Primary,245,T354,same as A2 CA,>20,0,5,22
356,NP4-S2-A4-CA,NP4-S2-A4,NP4-S2,A4,CA,Numba Primary,53,T356,,3,0,5,13
357,NP4-S2-A1-UN,NP4-S2-A1,NP4-S2,A1,UN,Numba Primary,45,T361,same as B1 CA,4,0,5,1.5
358,NP4-S2-A2-UN,NP4-S2-A2,NP4-S2,A2,UN,Numba Primary,24,T358,,2,1,5,1.5
359,NP4-S2-A3-UN,NP4-S2-A3,NP4-S2,A3,UN,Numba Primary,29,T359,,1,0,5,1.5
360,NP4-S2-A4-UN,NP4-S2-A4,NP4-S2,A4,UN,Numba Primary,32,T360,,2,0,5,1.5
361,NP4-S2-B1-CA,NP4-S2-B1,NP4-S2,B1,CA,Numba Primary,45,T361,same as A1 UN,1,0,5,16
362,NP4-S2-B2-CA,NP4-S2-B2,NP4-S2,B2,CA,Numba Primary,80,T362,,>20,2,10,17
363,NP4-S2-B3-CA,NP4-S2-B3,NP4-S2,B3,CA,Numba Primary,211,T363,same as A1 CA,>20,2,10,22
364,NP4-S2-B4-CA,NP4-S2-B4,NP4-S2,B4,CA,Numba Primary,260,T364,same as C4 CA,>20,0,5,22
365,NP4-S2-B1-UN,NP4-S2-B1,NP4-S2,B1,UN,Numba Primary,12,T365,,1,2,5,1.5
366,NP4-S2-B2-UN,NP4-S2-B2,NP4-S2,B2,UN,Numba Primary,37,T366,,7,0,5,1.5
367,NP4-S2-B3-UN,NP4-S2-B3,NP4-S2,B3,UN,Numba Primary,16,T367,,6,1,5,1.5
368,NP4-S2-B4-UN,NP4-S2-B4,NP4-S2,B4,UN,Numba Primary,35,T368,,1,1,5,1.5
369,NP4-S2-C1-CA,NP4-S2-C1,NP4-S2,C1,CA,Numba Primary,180,T369,same as D1 CA,7,0,5,27
370,NP4-S2-C2-CA,NP4-S2-C2,NP4-S2,C2,CA,Numba Primary,224,T370,same as C3 CA,>20,3,10,25
371,NP4-S2-C3-CA,NP4-S2-C3,NP4-S2,C3,CA,Numba Primary,224,T370,same as C2 CA,>20,3,10,22
372,NP4-S2-C4-CA,NP4-S2-C4,NP4-S2,C4,CA,Numba Primary,260,T364,same as B4 CA,>20,0,5,12
373,NP4-S2-C1-UN,NP4-S2-C1,NP4-S2,C1,UN,Numba Primary,41,T373,,3,3,20,1.5
374,NP4-S2-C2-UN,NP4-S2-C2,NP4-S2,C2,UN,Numba Primary,25,T374,,5,0,5,1.5
375,NP4-S2-C3-UN,NP4-S2-C3,NP4-S2,C3,UN,Numba Primary,16,T375,,5,0,5,1.5
376,NP4-S2-C4-UN,NP4-S2-C4,NP4-S2,C4,UN,Numba Primary,28,T376,,2,0,5,1.5
377,NP4-S2-D1-CA,NP4-S2-D1,NP4-S2,D1,CA,Numba Primary,180,T369,same as C1 CA,5,0,5,23
378,NP4-S2-D2-CA,NP4-S2-D2,NP4-S2,D2,CA,Numba Primary,65,T378,,5,0,5,18
379,NP4-S2-D3-CA,NP4-S2-D3,NP4-S2,D3,CA,Numba Primary,224,T370,same as C3 CA,>20,3,10,22
380,NP4-S2-D4-CA,NP4-S2-D4,NP4-S2,D4,CA,Numba Primary,69,T380,,7,1,5,9
381,NP4-S2-D1-UN,NP4-S2-D1,NP4-S2,D1,UN,Numba Primary,23,T381,,2,0,5,1.5
382,NP4-S2-D2-UN,NP4-S2-D2,NP4-S2,D2,UN,Numba Primary,20,T382,,5,4,5,1.5
383,NP4-S2-D3-UN,NP4-S2-D3,NP4-S2,D3,UN,Numba Primary,32,T383,,3,0,5,1.5
384,NP4-S2-D4-UN,NP4-S2-D4,NP4-S2,D4,UN,Numba Primary,29,T384,,2,0,5,1.5
385,NP4-S3-A1-CA,NP4-S3-A1,NP4-S3,A1,CA,Numba Primary,158,T385,same as A2 CA: outside plot,0,0,5,25
386,NP4-S3-A2-CA,NP4-S3-A2,NP4-S3,A2,CA,Numba Primary,158,T385,same as A1 CA,0,0,5,29
387,NP4-S3-A3-CA,NP4-S3-A3,NP4-S3,A3,CA,Numba Primary,91,T387,same as A4 CA,8,0,5,13
388,NP4-S3-A4-CA,NP4-S3-A4,NP4-S3,A4,CA,Numba Primary,91,T387,same as A3 CA,8,0,5,10
389,NP4-S3-A1-UN,NP4-S3-A1,NP4-S3,A1,UN,Numba Primary,28,T389,,3,0,5,1.5
390,NP4-S3-A2-UN,NP4-S3-A2,NP4-S3,A2,UN,Numba Primary,11,T390,,4,0,5,1.5
391,NP4-S3-A3-UN,NP4-S3-A3,NP4-S3,A3,UN,Numba Primary,35,T391,,0,0,5,1.5
392,NP4-S3-A4-UN,NP4-S3-A4,NP4-S3,A4,UN,Numba Primary,55,T392,,8,0,5,1.5
393,NP4-S3-B1-CA,NP4-S3-B1,NP4-S3,B1,CA,Numba Primary,158,T385,same as A2 CA,>20,0,5,13
394,NP4-S3-B2-CA,NP4-S3-B2,NP4-S3,B2,CA,Numba Primary,147,T394,same as C2 CA,0,0,5,27
395,NP4-S3-B3-CA,NP4-S3-B3,NP4-S3,B3,CA,Numba Primary,66,T395,,>20,0,5,10
396,NP4-S3-B4-CA,NP4-S3-B4,NP4-S3,B4,CA,Numba Primary,128,T396,,0,0,5,24
397,NP4-S3-B1-UN,NP4-S3-B1,NP4-S3,B1,UN,Numba Primary,52,T428,same as S4-B2 CA,7,0,5,1.5
398,NP4-S3-B2-UN,NP4-S3-B2,NP4-S3,B2,UN,Numba Primary,50,T398,,6,0,5,1.5
399,NP4-S3-B3-UN,NP4-S3-B3,NP4-S3,B3,UN,Numba Primary,18,T399,,2,0,5,1.5
400,NP4-S3-B4-UN,NP4-S3-B4,NP4-S3,B4,UN,Numba Primary,41,T400,,1,1,5,1.5
401,NP4-S3-C1-CA,NP4-S3-C1,NP4-S3,C1,CA,Numba Primary,119,T401,,13,0,5,12
402,NP4-S3-C2-CA,NP4-S3-C2,NP4-S3,C2,CA,Numba Primary,147,T394,same as B2 CA,6,0,5,11
403,NP4-S3-C3-CA,NP4-S3-C3,NP4-S3,C3,CA,Numba Primary,49,T403,,5,0,5,14
404,NP4-S3-C4-CA,NP4-S3-C4,NP4-S3,C4,CA,Numba Primary,104,T404,,5,1,5,19
405,NP4-S3-C1-UN,NP4-S3-C1,NP4-S3,C1,UN,Numba Primary,21,T405,,1,2,5,1.5
406,NP4-S3-C2-UN,NP4-S3-C2,NP4-S3,C2,UN,Numba Primary,33,T406,,0,1,5,1.5
407,NP4-S3-C3-UN,NP4-S3-C3,NP4-S3,C3,UN,Numba Primary,55,T407,,5,2,5,1.5
408,NP4-S3-C4-UN,NP4-S3-C4,NP4-S3,C4,UN,Numba Primary,47,T408,,12,1,20,1.5
409,NP4-S3-D1-CA,NP4-S3-D1,NP4-S3,D1,CA,Numba Primary,113,T409,,>20,0,5,14
410,NP4-S3-D2-CA,NP4-S3-D2,NP4-S3,D2,CA,Numba Primary,68,T410,,2,1,5,15
411,NP4-S3-D3-CA,NP4-S3-D3,NP4-S3,D3,CA,Numba Primary,112,T411,same as D4 CA,10,1,10,15
412,NP4-S3-D4-CA,NP4-S3-D4,NP4-S3,D4,CA,Numba Primary,112,T411,same as D3 CA,6,0,5,14
413,NP4-S3-D1-UN,NP4-S3-D1,NP4-S3,D1,UN,Numba Primary,15,T413,,0,2,5,1.5
414,NP4-S3-D2-UN,NP4-S3-D2,NP4-S3,D2,UN,Numba Primary,67,T414,,2,1,5,1.5
415,NP4-S3-D3-UN,NP4-S3-D3,NP4-S3,D3,UN,Numba Primary,39,T415,,3,0,5,1.5
416,NP4-S3-D4-UN,NP4-S3-D4,NP4-S3,D4,UN,Numba Primary,18,T416,,2,0,5,1.5
417,NP4-S4-A1-CA,NP4-S4-A1,NP4-S4,A1,CA,Numba Primary,228,T345,same as S1 D1 CA,10,0,5,22
418,NP4-S4-A2-CA,NP4-S4-A2,NP4-S4,A2,CA,Numba Primary,210,T418,same as C1 CA,8,1,5,22
419,NP4-S4-A3-CA,NP4-S4-A3,NP4-S4,A3,CA,Numba Primary,210,T418,same as C1 CA,10,2,5,23
420,NP4-S4-A4-CA,NP4-S4-A4,NP4-S4,A4,CA,Numba Primary,212,T420,,0,1,5,10
421,NP4-S4-A1-UN,NP4-S4-A1,NP4-S4,A1,UN,Numba Primary,45,T421,,2,0,5,1.5
422,NP4-S4-A2-UN,NP4-S4-A2,NP4-S4,A2,UN,Numba Primary,40,T422,,0,1,5,1.5
423,NP4-S4-A3-UN,NP4-S4-A3,NP4-S4,A3,UN,Numba Primary,16,T423,,1,2,5,1.5
424,NP4-S4-A4-UN,NP4-S4-A4,NP4-S4,A4,UN,Numba Primary,46,T424,,5,1,20,1.5
425,NP4-S4-B1-CA,NP4-S4-B1,NP4-S4,B1,CA,Numba Primary,210,T418,same as C1 CA,5,0,5,19
426,NP4-S4-B2-CA,NP4-S4-B2,NP4-S4,B2,CA,Numba Primary,64,T426,same as B3 CA,0,1,5,11.5
427,NP4-S4-B3-CA,NP4-S4-B3,NP4-S4,B3,CA,Numba Primary,64,T426,same as B2 CA,0,1,5,12
428,NP4-S4-B4-CA,NP4-S4-B4,NP4-S4,B4,CA,Numba Primary,49,T428,same as S3-B1-UN,3,0,5,12
429,NP4-S4-B1-UN,NP4-S4-B1,NP4-S4,B1,UN,Numba Primary,60,T429,,1,0,5,1.5
430,NP4-S4-B2-UN,NP4-S4-B2,NP4-S4,B2,UN,Numba Primary,23,T430,,2,1,5,1.5
431,NP4-S4-B3-UN,NP4-S4-B3,NP4-S4,B3,UN,Numba Primary,37,T431,,5,1,5,1.5
432,NP4-S4-B4-UN,NP4-S4-B4,NP4-S4,B4,UN,Numba Primary,18,T432,,0,0,5,1.5
433,NP4-S4-C1-CA,NP4-S4-C1,NP4-S4,C1,CA,Numba Primary,210,T418,same as A2 CA,5,1,5,22
434,NP4-S4-C2-CA,NP4-S4-C2,NP4-S4,C2,CA,Numba Primary,53,T434,same as D2 CA,3,0,5,16
435,NP4-S4-C3-CA,NP4-S4-C3,NP4-S4,C3,CA,Numba Primary,85,T435,same as D3 CA,8,0,5,20
436,NP4-S4-C4-CA,NP4-S4-C4,NP4-S4,C4,CA,Numba Primary,120,T436,same as D4 CA,9,0,5,12
437,NP4-S4-C1-UN,NP4-S4-C1,NP4-S4,C1,UN,Numba Primary,45,T437,,4,0,5,1.5
438,NP4-S4-C2-UN,NP4-S4-C2,NP4-S4,C2,UN,Numba Primary,51,T438,,3,0,5,1.5
439,NP4-S4-C3-UN,NP4-S4-C3,NP4-S4,C3,UN,Numba Primary,56,T439,,2,0,5,1.5
440,NP4-S4-C4-UN,NP4-S4-C4,NP4-S4,C4,UN,Numba Primary,22,T440,,1,0,5,1.5
441,NP4-S4-D1-CA,NP4-S4-D1,NP4-S4,D1,CA,Numba Primary,42,T441,,7,1,10,10
442,NP4-S4-D2-CA,NP4-S4-D2,NP4-S4,D2,CA,Numba Primary,53,T434,same as C2 CA,3,0,5,18
443,NP4-S4-D3-CA,NP4-S4-D3,NP4-S4,D3,CA,Numba Primary,85,T435,same as C3 CA,8,0,5,16
444,NP4-S4-D4-CA,NP4-S4-D4,NP4-S4,D4,CA,Numba Primary,120,T436,same as C4 CA,8,0,5,17
445,NP4-S4-D1-UN,NP4-S4-D1,NP4-S4,D1,UN,Numba Primary,42,T445,,7,1,10,1.5
446,NP4-S4-D2-UN,NP4-S4-D2,NP4-S4,D2,UN,Numba Primary,23,T446,,3,0,5,1.5
447,NP4-S4-D3-UN,NP4-S4-D3,NP4-S4,D3,UN,Numba Primary,31,T447,,2,0,5,1.5
448,NP4-S4-D4-UN,NP4-S4-D4,NP4-S4,D4,UN,Numba Primary,21,T448,,1,0,5,1.5
449,NP4-S5-A1-CA,NP4-S5-A1,NP4-S5,A1,CA,Numba Primary,44,T449,,2,1,5,10
450,NP4-S5-A2-CA,NP4-S5-A2,NP4-S5,A2,CA,Numba Primary,40,T450,,5,0,5,13
451,NP4-S5-A3-CA,NP4-S5-A3,NP4-S5,A3,CA,Numba Primary,56,T451,,5,1,10,11
452,NP4-S5-A4-CA,NP4-S5-A4,NP4-S5,A4,CA,Numba Primary,56,T452,,>20,3,10,32
453,NP4-S5-A1-UN,NP4-S5-A1,NP4-S5,A1,UN,Numba Primary,48,T453,same as A2 UN,2,0,5,1.5
454,NP4-S5-A2-UN,NP4-S5-A2,NP4-S5,A2,UN,Numba Primary,48,T453,same as A1 UN,5,0,5,1.5
455,NP4-S5-A3-UN,NP4-S5-A3,NP4-S5,A3,UN,Numba Primary,38,T455,,5,1,10,1.5
456,NP4-S5-A4-UN,NP4-S5-A4,NP4-S5,A4,UN,Numba Primary,48,T456,,8,1,10,1.5
457,NP4-S5-B1-CA,NP4-S5-B1,NP4-S5,B1,CA,Numba Primary,89,T457,same as B1 UN,1,1,5,10
458,NP4-S5-B2-CA,NP4-S5-B2,NP4-S5,B2,CA,Numba Primary,57,T458,,2,1,10,14
459,NP4-S5-B3-CA,NP4-S5-B3,NP4-S5,B3,CA,Numba Primary,150,T459,,>20,2,10,19
460,NP4-S5-B4-CA,NP4-S5-B4,NP4-S5,B4,CA,Numba Primary,58,T460,,7,1,50,12
461,NP4-S5-B1-UN,NP4-S5-B1,NP4-S5,B1,UN,Numba Primary,89,T457,same as B1 CA,1,1,5,1.5
462,NP4-S5-B2-UN,NP4-S5-B2,NP4-S5,B2,UN,Numba Primary,20,T462,,1,0,5,1.5
463,NP4-S5-B3-UN,NP4-S5-B3,NP4-S5,B3,UN,Numba Primary,15,T463,,2,1,10,1.5
464,NP4-S5-B4-UN,NP4-S5-B4,NP4-S5,B4,UN,Numba Primary,35,T464,,4,0,5,1.5
465,NP4-S5-C1-CA,NP4-S5-C1,NP4-S5,C1,CA,Numba Primary,39,T465,,5,1,5,11
466,NP4-S5-C2-CA,NP4-S5-C2,NP4-S5,C2,CA,Numba Primary,83,T466,,2,3,15,21
467,NP4-S5-C3-CA,NP4-S5-C3,NP4-S5,C3,CA,Numba Primary,22,T467,,1,0,5,12
468,NP4-S5-C4-CA,NP4-S5-C4,NP4-S5,C4,CA,Numba Primary,84,T337,same as S1 C1 CA,2,1,10,24
469,NP4-S5-C1-UN,NP4-S5-C1,NP4-S5,C1,UN,Numba Primary,60,T469,,8,0,5,1.5
470,NP4-S5-C2-UN,NP4-S5-C2,NP4-S5,C2,UN,Numba Primary,57,T470,,7,3,40,1.5
471,NP4-S5-C3-UN,NP4-S5-C3,NP4-S5,C3,UN,Numba Primary,34,T471,,2,1,10,1.5
472,NP4-S5-C4-UN,NP4-S5-C4,NP4-S5,C4,UN,Numba Primary,51,T472,,1,0,5,1.5
473,NP4-S5-D1-CA,NP4-S5-D1,NP4-S5,D1,CA,Numba Primary,122,T473,,3,3,15,19
474,NP4-S5-D2-CA,NP4-S5-D2,NP4-S5,D2,CA,Numba Primary,46,T474,,1,0,5,9
475,NP4-S5-D3-CA,NP4-S5-D3,NP4-S5,D3,CA,Numba Primary,90,T475,,2,0,5,17
476,NP4-S5-D4-CA,NP4-S5-D4,NP4-S5,D4,CA,Numba Primary,52,T476,same as D4 UN,2,0,5,11
477,NP4-S5-D1-UN,NP4-S5-D1,NP4-S5,D1,UN,Numba Primary,42,T477,,2,1,10,1.5
478,NP4-S5-D2-UN,NP4-S5-D2,NP4-S5,D2,UN,Numba Primary,38,T478,,3,1,10,1.5
479,NP4-S5-D3-UN,NP4-S5-D3,NP4-S5,D3,UN,Numba Primary,43,T479,,2,1,10,1.5
480,NP4-S5-D4-UN,NP4-S5-D4,NP4-S5,D4,UN,Numba Primary,52,T476,same as D4 CA,2,0,5,1.5
481,NP5-S1-A1-CA,NP5-S1-A1,NP5-S1,A1,CA,Numba Primary,233,T481,same as B1 CA,10,2,5,26
482,NP5-S1-A2-CA,NP5-S1-A2,NP5-S1,A2,CA,Numba Primary,257,T482,same as A3 CA,6,1,5,22
483,NP5-S1-A3-CA,NP5-S1-A3,NP5-S1,A3,CA,Numba Primary,257,T482,same as A2 CA,6,1,5,20
484,NP5-S1-A4-CA,NP5-S1-A4,NP5-S1,A4,CA,Numba Primary,49,T484,,2,0,5,15
485,NP5-S1-A1-UN,NP5-S1-A1,NP5-S1,A1,UN,Numba Primary,20,T485,,1,0,5,1.5
486,NP5-S1-A2-UN,NP5-S1-A2,NP5-S1,A2,UN,Numba Primary,25,T486,,0,2,5,1.5
487,NP5-S1-A3-UN,NP5-S1-A3,NP5-S1,A3,UN,Numba Primary,31,T487,,3,0,5,1.5
488,NP5-S1-A4-UN,NP5-S1-A4,NP5-S1,A4,UN,Numba Primary,21,T488,,1,0,5,1.5
489,NP5-S1-B1-CA,NP5-S1-B1,NP5-S1,B1,CA,Numba Primary,233,T481,same as A1 CA,10,2,5,28
490,NP5-S1-B2-CA,NP5-S1-B2,NP5-S1,B2,CA,Numba Primary,257,T482,same as A2 CA,6,2,5,22
491,NP5-S1-B3-CA,NP5-S1-B3,NP5-S1,B3,CA,Numba Primary,68,T491,,0,2,5,19
492,NP5-S1-B4-CA,NP5-S1-B4,NP5-S1,B4,CA,Numba Primary,96,T492,,3,0,5,17
493,NP5-S1-B1-UN,NP5-S1-B1,NP5-S1,B1,UN,Numba Primary,28,T493,,2,0,5,1.5
494,NP5-S1-B2-UN,NP5-S1-B2,NP5-S1,B2,UN,Numba Primary,13,T494,,0,0,5,1.5
495,NP5-S1-B3-UN,NP5-S1-B3,NP5-S1,B3,UN,Numba Primary,48,T495,,4,0,5,1.5
496,NP5-S1-B4-UN,NP5-S1-B4,NP5-S1,B4,UN,Numba Primary,26,T496,,1,0,5,1.5
497,NP5-S1-C1-CA,NP5-S1-C1,NP5-S1,C1,CA,Numba Primary,1180,T612,"outside plot, big fig: same as NP5-S5-A4 CA",>20,4,10,25
498,NP5-S1-C2-CA,NP5-S1-C2,NP5-S1,C2,CA,Numba Primary,62,T498,,1,1,5,16
499,NP5-S1-C3-CA,NP5-S1-C3,NP5-S1,C3,CA,Numba Primary,414,T499,,0,4,5,30
500,NP5-S1-C4-CA,NP5-S1-C4,NP5-S1,C4,CA,Numba Primary,94,T500,,1,8,40,19
501,NP5-S1-C1-UN,NP5-S1-C1,NP5-S1,C1,UN,Numba Primary,21,T501,,1,2,10,1.5
502,NP5-S1-C2-UN,NP5-S1-C2,NP5-S1,C2,UN,Numba Primary,62,T502,,1,7,30,1.5
503,NP5-S1-C3-UN,NP5-S1-C3,NP5-S1,C3,UN,Numba Primary,94,T503,,1,8,40,1.5
504,NP5-S1-C4-UN,NP5-S1-C4,NP5-S1,C4,UN,Numba Primary,10,T504,,0,0,5,1.5
505,NP5-S1-D1-CA,NP5-S1-D1,NP5-S1,D1,CA,Numba Primary,138,T505,,>20,2,10,21
506,NP5-S1-D2-CA,NP5-S1-D2,NP5-S1,D2,CA,Numba Primary,414,T506,,>20,4,5,28
507,NP5-S1-D3-CA,NP5-S1-D3,NP5-S1,D3,CA,Numba Primary,180,T507,,>20,4,10,22
508,NP5-S1-D4-CA,NP5-S1-D4,NP5-S1,D4,CA,Numba Primary,155,T577,same as NP5-S4-A1 CA,0,0,5,29
509,NP5-S1-D1-UN,NP5-S1-D1,NP5-S1,D1,UN,Numba Primary,21,T509,,2,2,5,1.5
510,NP5-S1-D2-UN,NP5-S1-D2,NP5-S1,D2,UN,Numba Primary,46,T510,,2,1,5,1.5
511,NP5-S1-D3-UN,NP5-S1-D3,NP5-S1,D3,UN,Numba Primary,35,T511,,2,2,30,1.5
512,NP5-S1-D4-UN,NP5-S1-D4,NP5-S1,D4,UN,Numba Primary,21,T512,,1,0,5,1.5
513,NP5-S2-A1-CA,NP5-S2-A1,NP5-S2,A1,CA,Numba Primary,66,T513,same as A1 UN,1,0,5,15
514,NP5-S2-A2-CA,NP5-S2-A2,NP5-S2,A2,CA,Numba Primary,52,T518,same as A2 UN,3,1,5,11
515,NP5-S2-A3-CA,NP5-S2-A3,NP5-S2,A3,CA,Numba Primary,62,T523,same as B3 CA,0,0,5,19
516,NP5-S2-A4-CA,NP5-S2-A4,NP5-S2,A4,CA,Numba Primary,45,T516,,3,0,5,11
517,NP5-S2-A1-UN,NP5-S2-A1,NP5-S2,A1,UN,Numba Primary,66,T513,same as A1 CA,3,0,5,1.5
518,NP5-S2-A2-UN,NP5-S2-A2,NP5-S2,A2,UN,Numba Primary,52,T518,same as A2 CA,3,1,5,1.5
519,NP5-S2-A3-UN,NP5-S2-A3,NP5-S2,A3,UN,Numba Primary,45,T519,,3,0,5,1.5
520,NP5-S2-A4-UN,NP5-S2-A4,NP5-S2,A4,UN,Numba Primary,11,T520,,1,1,10,1.5
521,NP5-S2-B1-CA,NP5-S2-B1,NP5-S2,B1,CA,Numba Primary,49,T521,,1,0,5,13
522,NP5-S2-B2-CA,NP5-S2-B2,NP5-S2,B2,CA,Numba Primary,204,T522,,0,1,5,24
523,NP5-S2-B3-CA,NP5-S2-B3,NP5-S2,B3,CA,Numba Primary,62,T523,same as A3 CA,0,0,5,11
524,NP5-S2-B4-CA,NP5-S2-B4,NP5-S2,B4,CA,Numba Primary,42,T527,same as B3 UN,1,5,0,12
525,NP5-S2-B1-UN,NP5-S2-B1,NP5-S2,B1,UN,Numba Primary,36,T525,,3,0,5,1.5
526,NP5-S2-B2-UN,NP5-S2-B2,NP5-S2,B2,UN,Numba Primary,14,T526,,0,0,5,1.5
527,NP5-S2-B3-UN,NP5-S2-B3,NP5-S2,B3,UN,Numba Primary,42,T527,same as B4 CA,1,0,5,1.5
528,NP5-S2-B4-UN,NP5-S2-B4,NP5-S2,B4,UN,Numba Primary,36,T528,,1,2,20,1.5
529,NP5-S2-C1-CA,NP5-S2-C1,NP5-S2,C1,CA,Numba Primary,197,T529,,8,3,5,20
530,NP5-S2-C2-CA,NP5-S2-C2,NP5-S2,C2,CA,Numba Primary,197,T530,,8,3,5,15
531,NP5-S2-C3-CA,NP5-S2-C3,NP5-S2,C3,CA,Numba Primary,42,T527,same as C1 CA,1,0,5,15
532,NP5-S2-C4-CA,NP5-S2-C4,NP5-S2,C4,CA,Numba Primary,60,T532,same as C3 UN,0,3,20,21
533,NP5-S2-C1-UN,NP5-S2-C1,NP5-S2,C1,UN,Numba Primary,29,T533,,1,0,5,1.5
534,NP5-S2-C2-UN,NP5-S2-C2,NP5-S2,C2,UN,Numba Primary,36,T534,,1,0,5,1.5
535,NP5-S2-C3-UN,NP5-S2-C3,NP5-S2,C3,UN,Numba Primary,42,T532,same as C3 CA,1,0,5,1.5
536,NP5-S2-C4-UN,NP5-S2-C4,NP5-S2,C4,UN,Numba Primary,25,T536,,1,1,10,1.5
537,NP5-S2-D1-CA,NP5-S2-D1,NP5-S2,D1,CA,Numba Primary,156,T537,,1,0,5,27
538,NP5-S2-D2-CA,NP5-S2-D2,NP5-S2,D2,CA,Numba Primary,63,T538,,1,0,5,20
539,NP5-S2-D3-CA,NP5-S2-D3,NP5-S2,D3,CA,Numba Primary,38,T539,same as D3 UN; multiple stems 26+15+38,1,1,5,16
540,NP5-S2-D4-CA,NP5-S2-D4,NP5-S2,D4,CA,Numba Primary,132,T540,,4,1,5,22
541,NP5-S2-D1-UN,NP5-S2-D1,NP5-S2,D1,UN,Numba Primary,20,T541,,1,0,5,1.5
542,NP5-S2-D2-UN,NP5-S2-D2,NP5-S2,D2,UN,Numba Primary,16,T542,,0,0,5,1.5
543,NP5-S2-D3-UN,NP5-S2-D3,NP5-S2,D3,UN,Numba Primary,38,T539,same as D3 CA,1,1,5,1.5
544,NP5-S2-D4-UN,NP5-S2-D4,NP5-S2,D4,UN,Numba Primary,40,T544,,1,1,10,1.5
545,NP5-S3-A1-CA,NP5-S3-A1,NP5-S3,A1,CA,Numba Primary,68,T580,same as NP5-S4-A3 CA,4,1,30,11
546,NP5-S3-A2-CA,NP5-S3-A2,NP5-S3,A2,CA,Numba Primary,180,T546,same as B2 CA,2,1,5,26
547,NP5-S3-A3-CA,NP5-S3-A3,NP5-S3,A3,CA,Numba Primary,242,T547,same as A4 CA,1,0,5,25
548,NP5-S3-A4-CA,NP5-S3-A4,NP5-S3,A4,CA,Numba Primary,242,T547,same as A3 CA,1,0,5,22
549,NP5-S3-A1-UN,NP5-S3-A1,NP5-S3,A1,UN,Numba Primary,14,T549,,1,1,30,1.5
550,NP5-S3-A2-UN,NP5-S3-A2,NP5-S3,A2,UN,Numba Primary,21,T550,,4,0,5,1.5
551,NP5-S3-A3-UN,NP5-S3-A3,NP5-S3,A3,UN,Numba Primary,38,T551,,1,0,5,1.5
552,NP5-S3-A4-UN,NP5-S3-A4,NP5-S3,A4,UN,Numba Primary,40,T552,,1,0,5,1.5
553,NP5-S3-B1-CA,NP5-S3-B1,NP5-S3,B1,CA,Numba Primary,41,T553,,4,2,40,15
554,NP5-S3-B2-CA,NP5-S3-B2,NP5-S3,B2,CA,Numba Primary,180,T546,same as A2 CA,2,1,5,26
555,NP5-S3-B3-CA,NP5-S3-B3,NP5-S3,B3,CA,Numba Primary,242,T547,same as A3 CA,1,1,5,22
556,NP5-S3-B4-CA,NP5-S3-B4,NP5-S3,B4,CA,Numba Primary,242,T547,same as A3 CA,1,1,5,20
557,NP5-S3-B1-UN,NP5-S3-B1,NP5-S3,B1,UN,Numba Primary,29,T557,,0,0,5,1.5
558,NP5-S3-B2-UN,NP5-S3-B2,NP5-S3,B2,UN,Numba Primary,19,T558,,0,2,5,1.5
559,NP5-S3-B3-UN,NP5-S3-B3,NP5-S3,B3,UN,Numba Primary,58,T559,"two trunks on tree, 26+58",0,0,5,1.5
560,NP5-S3-B4-UN,NP5-S3-B4,NP5-S3,B4,UN,Numba Primary,17,T560,,1,0,5,1.5
561,NP5-S3-C1-CA,NP5-S3-C1,NP5-S3,C1,CA,Numba Primary,41,T565,same as C1 UN,2,2,10,9
562,NP5-S3-C2-CA,NP5-S3-C2,NP5-S3,C2,CA,Numba Primary,180,T546,same as A2 CA,2,1,5,20
563,NP5-S3-C3-CA,NP5-S3-C3,NP5-S3,C3,CA,Numba Primary,351,T563,same as D3 CA,3,1,10,21
564,NP5-S3-C4-CA,NP5-S3-C4,NP5-S3,C4,CA,Numba Primary,91,T572,same as D4 CA,0,2,10,18
565,NP5-S3-C1-UN,NP5-S3-C1,NP5-S3,C1,UN,Numba Primary,41,T565,same as C1 CA,2,2,10,1.5
566,NP5-S3-C2-UN,NP5-S3-C2,NP5-S3,C2,UN,Numba Primary,19,T566,,1,1,10,1.5
567,NP5-S3-C3-UN,NP5-S3-C3,NP5-S3,C3,UN,Numba Primary,11,T567,,0,0,5,1.5
568,NP5-S3-C4-UN,NP5-S3-C4,NP5-S3,C4,UN,Numba Primary,27,T568,,2,2,10,1.5
569,NP5-S3-D1-CA,NP5-S3-D1,NP5-S3,D1,CA,Numba Primary,275,T569,same as D2 CA,>20,5,20,23
570,NP5-S3-D2-CA,NP5-S3-D2,NP5-S3,D2,CA,Numba Primary,275,T569,same as D1 CA,>20,5,20,23
571,NP5-S3-D3-CA,NP5-S3-D3,NP5-S3,D3,CA,Numba Primary,351,T563,same as C3 CA,3,1,10,23
572,NP5-S3-D4-CA,NP5-S3-D4,NP5-S3,D4,CA,Numba Primary,91,T572,same as C4 CA,0,2,10,17
573,NP5-S3-D1-UN,NP5-S3-D1,NP5-S3,D1,UN,Numba Primary,22,T573,,3,3,25,1.5
574,NP5-S3-D2-UN,NP5-S3-D2,NP5-S3,D2,UN,Numba Primary,28,T574,,2,1,5,1.5
575,NP5-S3-D3-UN,NP5-S3-D3,NP5-S3,D3,UN,Numba Primary,23,T575,,2,1,10,1.5
576,NP5-S3-D4-UN,NP5-S3-D4,NP5-S3,D4,UN,Numba Primary,29,T576,,1,2,10,1.5
577,NP5-S4-A1-CA,NP5-S4-A1,NP5-S4,A1,CA,Numba Primary,138,T577,same as NP5-S1-D1-CA,NA,,,22
578,NP5-S4-A2-CA,NP5-S4-A2,NP5-S4,A2,CA,Numba Primary,330,T578,same as C2 CA,10,2,20,23
579,NP5-S4-A3-CA,NP5-S4-A3,NP5-S4,A3,CA,Numba Primary,330,T578,same as C2 CA,10,2,10,23
580,NP5-S4-A4-CA,NP5-S4-A4,NP5-S4,A4,CA,Numba Primary,68,T580,same as NP5-S3-A1-CA,4,1,30,28
581,NP5-S4-A1-UN,NP5-S4-A1,NP5-S4,A1,UN,Numba Primary,57,T581,,2,0,5,1.5
582,NP5-S4-A2-UN,NP5-S4-A2,NP5-S4,A2,UN,Numba Primary,22,T582,,3,1,5,1.5
583,NP5-S4-A3-UN,NP5-S4-A3,NP5-S4,A3,UN,Numba Primary,52,T583,,3,0,5,1.5
584,NP5-S4-A4-UN,NP5-S4-A4,NP5-S4,A4,UN,Numba Primary,54,T584,,0,4,40,1.5
585,NP5-S4-B1-CA,NP5-S4-B1,NP5-S4,B1,CA,Numba Primary,330,T578,same as C2 CA,10,2,10,28
586,NP5-S4-B2-CA,NP5-S4-B2,NP5-S4,B2,CA,Numba Primary,330,T578,same as C2 CA,10,1,10,22
587,NP5-S4-B3-CA,NP5-S4-B3,NP5-S4,B3,CA,Numba Primary,330,T578,same as C2 CA,10,2,10,28
588,NP5-S4-B4-CA,NP5-S4-B4,NP5-S4,B4,CA,Numba Primary,180,T588,same as C4 CA,8,1,10,20
589,NP5-S4-B1-UN,NP5-S4-B1,NP5-S4,B1,UN,Numba Primary,22,T589,,0,1,5,1.5
590,NP5-S4-B2-UN,NP5-S4-B2,NP5-S4,B2,UN,Numba Primary,35,T590,,4,0,5,1.5
591,NP5-S4-B3-UN,NP5-S4-B3,NP5-S4,B3,UN,Numba Primary,20,T591,,2,1,5,1.5
592,NP5-S4-B4-UN,NP5-S4-B4,NP5-S4,B4,UN,Numba Primary,51,T592,,1,0,5,1.5
593,NP5-S4-C1-CA,NP5-S4-C1,NP5-S4,C1,CA,Numba Primary,58,T593,same as C2 UN,5,1,5,17
594,NP5-S4-C2-CA,NP5-S4-C2,NP5-S4,C2,CA,Numba Primary,330,T578,same as A2 CA,10,0,10,30
595,NP5-S4-C3-CA,NP5-S4-C3,NP5-S4,C3,CA,Numba Primary,117,T595,,13,2,5,12
596,NP5-S4-C4-CA,NP5-S4-C4,NP5-S4,C4,CA,Numba Primary,180,T588,same as C1 CA,8,0,10,18
597,NP5-S4-C1-UN,NP5-S4-C1,NP5-S4,C1,UN,Numba Primary,61,T597,,3,0,5,1.5
598,NP5-S4-C2-UN,NP5-S4-C2,NP5-S4,C2,UN,Numba Primary,58,T593,same as C1 CA,5,0,5,1.5
599,NP5-S4-C3-UN,NP5-S4-C3,NP5-S4,C3,UN,Numba Primary,31,T599,,3,0,5,1.5
600,NP5-S4-C4-UN,NP5-S4-C4,NP5-S4,C4,UN,Numba Primary,32,T600,,0,3,20,1.5
601,NP5-S4-D1-CA,NP5-S4-D1,NP5-S4,D1,CA,Numba Primary,310,T601,same as D2 CA,0,1,5,1
602,NP5-S4-D2-CA,NP5-S4-D2,NP5-S4,D2,CA,Numba Primary,310,T601,same as D1 CA,0,0,5,30
603,NP5-S4-D3-CA,NP5-S4-D3,NP5-S4,D3,CA,Numba Primary,78,T603,same as D4 CA,>20,1,5,16
604,NP5-S4-D4-CA,NP5-S4-D4,NP5-S4,D4,CA,Numba Primary,78,T603,same as D3 CA,>20,1,5,16
605,NP5-S4-D1-UN,NP5-S4-D1,NP5-S4,D1,UN,Numba Primary,34,T605,,1,0,5,1.5
606,NP5-S4-D2-UN,NP5-S4-D2,NP5-S4,D2,UN,Numba Primary,30,T606,,1,0,5,1.5
607,NP5-S4-D3-UN,NP5-S4-D3,NP5-S4,D3,UN,Numba Primary,23,T607,,4,0,5,1.5
608,NP5-S4-D4-UN,NP5-S4-D4,NP5-S4,D4,UN,Numba Primary,29,T608,,5,2,10,1.5
609,NP5-S5-A1-CA,NP5-S5-A1,NP5-S5,A1,CA,Numba Primary,37,T609,same as A1 UN,4,0,5,11
610,NP5-S5-A2-CA,NP5-S5-A2,NP5-S5,A2,CA,Numba Primary,150,T610,same as A3 CA,7,1,5,21
611,NP5-S5-A3-CA,NP5-S5-A3,NP5-S5,A3,CA,Numba Primary,150,T610,same as A2 CA,>20,1,5,17
612,NP5-S5-A4-CA,NP5-S5-A4,NP5-S5,A4,CA,Numba Primary,1180,T612,"big fig tree, same as B2 CA",0,4,10,25
613,NP5-S5-A1-UN,NP5-S5-A1,NP5-S5,A1,UN,Numba Primary,37,T609,same as A1 CA,4,0,5,1.5
614,NP5-S5-A2-UN,NP5-S5-A2,NP5-S5,A2,UN,Numba Primary,27,T614,,0,0,10,1.5
615,NP5-S5-A3-UN,NP5-S5-A3,NP5-S5,A3,UN,Numba Primary,31,T615,,1,2,20,1.5
616,NP5-S5-A4-UN,NP5-S5-A4,NP5-S5,A4,UN,Numba Primary,31,T616,,4,0,10,1.5
617,NP5-S5-B1-CA,NP5-S5-B1,NP5-S5,B1,CA,Numba Primary,75,T617,,>20,1,10,19
618,NP5-S5-B2-CA,NP5-S5-B2,NP5-S5,B2,CA,Numba Primary,1180,T612,same as A4 CA,>20,4,10,27
619,NP5-S5-B3-CA,NP5-S5-B3,NP5-S5,B3,CA,Numba Primary,1180,T612,same as A4 CA,>20,4,10,33
620,NP5-S5-B4-CA,NP5-S5-B4,NP5-S5,B4,CA,Numba Primary,1180,T612,same as A4 CA,6,4,10,23
621,NP5-S5-B1-UN,NP5-S5-B1,NP5-S5,B1,UN,Numba Primary,11,T621,,0,1,10,1.5
622,NP5-S5-B2-UN,NP5-S5-B2,NP5-S5,B2,UN,Numba Primary,31,T622,,3,1,10,1.5
623,NP5-S5-B3-UN,NP5-S5-B3,NP5-S5,B3,UN,Numba Primary,31,T623,,3,0,5,1.5
624,NP5-S5-B4-UN,NP5-S5-B4,NP5-S5,B4,UN,Numba Primary,23,T624,,0,0,5,1.5
625,NP5-S5-C1-CA,NP5-S5-C1,NP5-S5,C1,CA,Numba Primary,99,T625,,7,0,5,17
626,NP5-S5-C2-CA,NP5-S5-C2,NP5-S5,C2,CA,Numba Primary,76,T626,,0,3,10,18
627,NP5-S5-C3-CA,NP5-S5-C3,NP5-S5,C3,CA,Numba Primary,56,T627,,>20,0,5,19
628,NP5-S5-C4-CA,NP5-S5-C4,NP5-S5,C4,CA,Numba Primary,1180,T612,same as A4 CA,>20,4,10,26
629,NP5-S5-C1-UN,NP5-S5-C1,NP5-S5,C1,UN,Numba Primary,27,T629,,3,0,5,1.5
630,NP5-S5-C2-UN,NP5-S5-C2,NP5-S5,C2,UN,Numba Primary,17,T630,,1,0,5,1.5
631,NP5-S5-C3-UN,NP5-S5-C3,NP5-S5,C3,UN,Numba Primary,38,T631,,1,0,5,1.5
632,NP5-S5-C4-UN,NP5-S5-C4,NP5-S5,C4,UN,Numba Primary,20,T632,,1,0,5,1.5
633,NP5-S5-D1-CA,NP5-S5-D1,NP5-S5,D1,CA,Numba Primary,288,T633,,>20,1,10,27
634,NP5-S5-D2-CA,NP5-S5-D2,NP5-S5,D2,CA,Numba Primary,1180,T612,same as A4 CA,>20,4,10,27
635,NP5-S5-D3-CA,NP5-S5-D3,NP5-S5,D3,CA,Numba Primary,1180,T612,same as A4 CA,>20,4,10,30
636,NP5-S5-D4-CA,NP5-S5-D4,NP5-S5,D4,CA,Numba Primary,154,T636,,>20,1,10,12
637,NP5-S5-D1-UN,NP5-S5-D1,NP5-S5,D1,UN,Numba Primary,56,T637,,1,1,30,1.5
638,NP5-S5-D2-UN,NP5-S5-D2,NP5-S5,D2,UN,Numba Primary,43,T638,,9,1,20,1.5
639,NP5-S5-D3-UN,NP5-S5-D3,NP5-S5,D3,UN,Numba Primary,18,T639,,5,0,5,1.5
640,NP5-S5-D4-UN,NP5-S5-D4,NP5-S5,D4,UN,Numba Primary,24,T640,,1,1,5,1.5
641,KP1-S1-A1-CA,KP1-S1-A1,KP1-S1,A1,CA,Kausi Primary,107,T641,,0,1,5,18
642,KP1-S1-A2-CA,KP1-S1-A2,KP1-S1,A2,CA,Kausi Primary,89,T642,same as A3 CA,0,1,5,22
643,KP1-S1-A3-CA,KP1-S1-A3,KP1-S1,A3,CA,Kausi Primary,89,T642,same as A2 CA,0,1,5,11
644,KP1-S1-A4-CA,KP1-S1-A4,KP1-S1,A4,CA,Kausi Primary,93,T644,outside plot; same as B4 Ca,4,2,5,19
645,KP1-S1-A1-UN,KP1-S1-A1,KP1-S1,A1,UN,Kausi Primary,26,T645,,3,0,5,1.5
646,KP1-S1-A2-UN,KP1-S1-A2,KP1-S1,A2,UN,Kausi Primary,33,T646,,2,0,5,1.5
647,KP1-S1-A3-UN,KP1-S1-A3,KP1-S1,A3,UN,Kausi Primary,32,T647,,3,0,5,1.5
648,KP1-S1-A4-UN,KP1-S1-A4,KP1-S1,A4,UN,Kausi Primary,29,T648,,3,0,5,1.5
649,KP1-S1-B1-CA,KP1-S1-B1,KP1-S1,B1,CA,Kausi Primary,44,T649,same as C1 CA,2,0,5,13
650,KP1-S1-B2-CA,KP1-S1-B2,KP1-S1,B2,CA,Kausi Primary,64,T650,,2,1,5,11
651,KP1-S1-B3-CA,KP1-S1-B3,KP1-S1,B3,CA,Kausi Primary,89,T642,same as A2 CA,0,1,5,15
652,KP1-S1-B4-CA,KP1-S1-B4,KP1-S1,B4,CA,Kausi Primary,93,T644,same as A4 CA,1,0,5,13
653,KP1-S1-B1-UN,KP1-S1-B1,KP1-S1,B1,UN,Kausi Primary,33,T653,,4,0,5,1.5
654,KP1-S1-B2-UN,KP1-S1-B2,KP1-S1,B2,UN,Kausi Primary,30,T654,,0,1,5,1.5
655,KP1-S1-B3-UN,KP1-S1-B3,KP1-S1,B3,UN,Kausi Primary,39,T655,,4,1,10,1.5
656,KP1-S1-B4-UN,KP1-S1-B4,KP1-S1,B4,UN,Kausi Primary,42,T656,,1,0,5,1.5
657,KP1-S1-C1-CA,KP1-S1-C1,KP1-S1,C1,CA,Kausi Primary,44,T649,same as B1 CA,2,0,5,14
658,KP1-S1-C2-CA,KP1-S1-C2,KP1-S1,C2,CA,Kausi Primary,47,T658,,5,0,5,9
659,KP1-S1-C3-CA,KP1-S1-C3,KP1-S1,C3,CA,Kausi Primary,62,T659,,5,0,5,11
660,KP1-S1-C4-CA,KP1-S1-C4,KP1-S1,C4,CA,Kausi Primary,52,T660,same as C3 UN,1,0,5,12
661,KP1-S1-C1-UN,KP1-S1-C1,KP1-S1,C1,UN,Kausi Primary,46,T661,,0,0,5,1.5
662,KP1-S1-C2-UN,KP1-S1-C2,KP1-S1,C2,UN,Kausi Primary,23,T662,,3,0,5,1.5
663,KP1-S1-C3-UN,KP1-S1-C3,KP1-S1,C3,UN,Kausi Primary,50,T660,same as C4 CA,0,0,5,1.5
664,KP1-S1-C4-UN,KP1-S1-C4,KP1-S1,C4,UN,Kausi Primary,35,T664,,1,0,5,1.5
665,KP1-S1-D1-CA,KP1-S1-D1,KP1-S1,D1,CA,Kausi Primary,26,T665,,9,0,5,19
666,KP1-S1-D2-CA,KP1-S1-D2,KP1-S1,D2,CA,Kausi Primary,70,T666,,3,0,5,14
667,KP1-S1-D3-CA,KP1-S1-D3,KP1-S1,D3,CA,Kausi Primary,59,T667,same as KP1-S2-A3-CA,4,1,5,9
668,KP1-S1-D4-CA,KP1-S1-D4,KP1-S1,D4,CA,Kausi Primary,330,T684,same as KP1-S2-B4-CA,1,0,5,9
669,KP1-S1-D1-UN,KP1-S1-D1,KP1-S1,D1,UN,Kausi Primary,24,T669,,0,2,5,1.5
670,KP1-S1-D2-UN,KP1-S1-D2,KP1-S1,D2,UN,Kausi Primary,42,T670,,5,3,15,1.5
671,KP1-S1-D3-UN,KP1-S1-D3,KP1-S1,D3,UN,Kausi Primary,20,T671,,0,1,5,1.5
672,KP1-S1-D4-UN,KP1-S1-D4,KP1-S1,D4,UN,Kausi Primary,21,T672,,1,0,5,1.5
673,KP1-S2-A1-CA,KP1-S2-A1,KP1-S2,A1,CA,Kausi Primary,43,T673,,2,2,5,16
674,KP1-S2-A2-CA,KP1-S2-A2,KP1-S2,A2,CA,Kausi Primary,47,T674,,8,3,5,18
675,KP1-S2-A3-CA,KP1-S2-A3,KP1-S2,A3,CA,Kausi Primary,59,T667,same as KP1-S1-CA-D3,9,2,10,13
676,KP1-S2-A4-CA,KP1-S2-A4,KP1-S2,A4,CA,Kausi Primary,35,T676,same as A4 UN,2,2,10,9
677,KP1-S2-A1-UN,KP1-S2-A1,KP1-S2,A1,UN,Kausi Primary,25,T677,,2,1,50,1.5
678,KP1-S2-A2-UN,KP1-S2-A2,KP1-S2,A2,UN,Kausi Primary,20,T678,,1,0,5,1.5
679,KP1-S2-A3-UN,KP1-S2-A3,KP1-S2,A3,UN,Kausi Primary,44,T679,,2,0,5,1.5
680,KP1-S2-A4-UN,KP1-S2-A4,KP1-S2,A4,UN,Kausi Primary,35,T676,same as A4 CA,3,1,10,1.5
681,KP1-S2-B1-CA,KP1-S2-B1,KP1-S2,B1,CA,Kausi Primary,25,T681,same as B1 UN,8,0,5,19
682,KP1-S2-B2-CA,KP1-S2-B2,KP1-S2,B2,CA,Kausi Primary,98,T682,,3,0,5,20
683,KP1-S2-B3-CA,KP1-S2-B3,KP1-S2,B3,CA,Kausi Primary,59,T683,same as B3 UN,12,0,5,15
684,KP1-S2-B4-CA,KP1-S2-B4,KP1-S2,B4,CA,Kausi Primary,330,T684,same as KP1-S1-CA-D4,3,0,5,8
685,KP1-S2-B1-UN,KP1-S2-B1,KP1-S2,B1,UN,Kausi Primary,25,T681,same as B1 CA,0,0,5,1.5
686,KP1-S2-B2-UN,KP1-S2-B2,KP1-S2,B2,UN,Kausi Primary,22,T686,,1,0,5,1.5
687,KP1-S2-B3-UN,KP1-S2-B3,KP1-S2,B3,UN,Kausi Primary,59,T683,same as B3 CA,4,1,5,1.5
688,KP1-S2-B4-UN,KP1-S2-B4,KP1-S2,B4,UN,Kausi Primary,19,T688,,1,3,5,1.5
689,KP1-S2-C1-CA,KP1-S2-C1,KP1-S2,C1,CA,Kausi Primary,61,T689,,2,2,5,13
690,KP1-S2-C2-CA,KP1-S2-C2,KP1-S2,C2,CA,Kausi Primary,90,T690,same as D2 CA,0,0,5,24
691,KP1-S2-C3-CA,KP1-S2-C3,KP1-S2,C3,CA,Kausi Primary,60,T691,,0,0,5,16
692,KP1-S2-C4-CA,KP1-S2-C4,KP1-S2,C4,CA,Kausi Primary,152,T692,same as D4 CA,3,0,5,17
693,KP1-S2-C1-UN,KP1-S2-C1,KP1-S2,C1,UN,Kausi Primary,19,T693,,0,2,5,1.5
694,KP1-S2-C2-UN,KP1-S2-C2,KP1-S2,C2,UN,Kausi Primary,45,T694,,1,0,5,1.5
695,KP1-S2-C3-UN,KP1-S2-C3,KP1-S2,C3,UN,Kausi Primary,23,T695,,0,0,5,1.5
696,KP1-S2-C4-UN,KP1-S2-C4,KP1-S2,C4,UN,Kausi Primary,20,T696,,0,1,5,1.5
697,KP1-S2-D1-CA,KP1-S2-D1,KP1-S2,D1,CA,Kausi Primary,47,T697,,3,0,5,18
698,KP1-S2-D2-CA,KP1-S2-D2,KP1-S2,D2,CA,Kausi Primary,90,T690,same as C2 CA,2,4,10,19
699,KP1-S2-D3-CA,KP1-S2-D3,KP1-S2,D3,CA,Kausi Primary,79,T699,,0,1,5,17
700,KP1-S2-D4-CA,KP1-S2-D4,KP1-S2,D4,CA,Kausi Primary,152,T692,same as C4 CA,0,5,10,16
701,KP1-S2-D1-UN,KP1-S2-D1,KP1-S2,D1,UN,Kausi Primary,23,T701,,4,0,5,1.5
702,KP1-S2-D2-UN,KP1-S2-D2,KP1-S2,D2,UN,Kausi Primary,24,T702,,0,0,5,1.5
703,KP1-S2-D3-UN,KP1-S2-D3,KP1-S2,D3,UN,Kausi Primary,11,T703,,2,0,5,1.5
704,KP1-S2-D4-UN,KP1-S2-D4,KP1-S2,D4,UN,Kausi Primary,19,T704,,1,1,5,1.5
705,KP1-S3-A1-CA,KP1-S3-A1,KP1-S3,A1,CA,Kausi Primary,136,T705,,0,0,5,17
706,KP1-S3-A2-CA,KP1-S3-A2,KP1-S3,A2,CA,Kausi Primary,284,T706,,3,0,5,18
707,KP1-S3-A3-CA,KP1-S3-A3,KP1-S3,A3,CA,Kausi Primary,122,T707,outside plot,1,1,10,20
708,KP1-S3-A4-CA,KP1-S3-A4,KP1-S3,A4,CA,Kausi Primary,95,T708,,1,0,5,12
709,KP1-S3-A1-UN,KP1-S3-A1,KP1-S3,A1,UN,Kausi Primary,37,T709,,0,0,5,1.5
710,KP1-S3-A2-UN,KP1-S3-A2,KP1-S3,A2,UN,Kausi Primary,28,T710,,1,0,5,1.5
711,KP1-S3-A3-UN,KP1-S3-A3,KP1-S3,A3,UN,Kausi Primary,15,T711,,1,0,5,1.5
712,KP1-S3-A4-UN,KP1-S3-A4,KP1-S3,A4,UN,Kausi Primary,119,T712,,0,0,5,1.5
713,KP1-S3-B1-CA,KP1-S3-B1,KP1-S3,B1,CA,Kausi Primary,227,T713,,3,0,15,23
714,KP1-S3-B2-CA,KP1-S3-B2,KP1-S3,B2,CA,Kausi Primary,83,T714,same as B3 CA,NA,1,5,14
715,KP1-S3-B3-CA,KP1-S3-B3,KP1-S3,B3,CA,Kausi Primary,83,T714,same as B2 CA,NA,1,5,24
716,KP1-S3-B4-CA,KP1-S3-B4,KP1-S3,B4,CA,Kausi Primary,484,T716,same as D4 CA,1,1,10,25
717,KP1-S3-B1-UN,KP1-S3-B1,KP1-S3,B1,UN,Kausi Primary,44,T717,,1,0,5,1.5
718,KP1-S3-B2-UN,KP1-S3-B2,KP1-S3,B2,UN,Kausi Primary,34,T718,,0,0,5,1.5
719,KP1-S3-B3-UN,KP1-S3-B3,KP1-S3,B3,UN,Kausi Primary,30,T719,,0,0,5,1.5
720,KP1-S3-B4-UN,KP1-S3-B4,KP1-S3,B4,UN,Kausi Primary,20,T720,,1,0,5,1.5
721,KP1-S3-C1-CA,KP1-S3-C1,KP1-S3,C1,CA,Kausi Primary,45,T721,,1,0,10,16
722,KP1-S3-C2-CA,KP1-S3-C2,KP1-S3,C2,CA,Kausi Primary,96,T722,,2,0,5,12
723,KP1-S3-C3-CA,KP1-S3-C3,KP1-S3,C3,CA,Kausi Primary,46,T723,,1,0,5,16
724,KP1-S3-C4-CA,KP1-S3-C4,KP1-S3,C4,CA,Kausi Primary,484,T716,same as D4 CA,1,1,10,24
725,KP1-S3-C1-UN,KP1-S3-C1,KP1-S3,C1,UN,Kausi Primary,34,T725,,0,0,10,1.5
726,KP1-S3-C2-UN,KP1-S3-C2,KP1-S3,C2,UN,Kausi Primary,28,T726,,2,0,5,1.5
727,KP1-S3-C3-UN,KP1-S3-C3,KP1-S3,C3,UN,Kausi Primary,21,T727,,0,0,5,1.5
728,KP1-S3-C4-UN,KP1-S3-C4,KP1-S3,C4,UN,Kausi Primary,36,T728,,NA,,5,1.5
729,KP1-S3-D1-CA,KP1-S3-D1,KP1-S3,D1,CA,Kausi Primary,108,T729,,1,0,5,17
730,KP1-S3-D2-CA,KP1-S3-D2,KP1-S3,D2,CA,Kausi Primary,96,T730,,2,0,5,13
731,KP1-S3-D3-CA,KP1-S3-D3,KP1-S3,D3,CA,Kausi Primary,484,T716,same as D4 CA,1,1,10,38
732,KP1-S3-D4-CA,KP1-S3-D4,KP1-S3,D4,CA,Kausi Primary,484,T716,same as B4 CA,1,1,10,16
733,KP1-S3-D1-UN,KP1-S3-D1,KP1-S3,D1,UN,Kausi Primary,16,T733,,0,0,5,1.5
734,KP1-S3-D2-UN,KP1-S3-D2,KP1-S3,D2,UN,Kausi Primary,29,T734,,1,0,5,1.5
735,KP1-S3-D3-UN,KP1-S3-D3,KP1-S3,D3,UN,Kausi Primary,11,T735,,1,0,5,1.5
736,KP1-S3-D4-UN,KP1-S3-D4,KP1-S3,D4,UN,Kausi Primary,37,T736,,0,1,5,1.5
737,KP2-S1-A1-CA,KP2-S1-A1,KP2-S1,A1,CA,Kausi Primary,287,T737,,2,3,20,22
738,KP2-S1-A2-CA,KP2-S1-A2,KP2-S1,A2,CA,Kausi Primary,287,T737,same as A1 CA,2,3,20,15
739,KP2-S1-A3-CA,KP2-S1-A3,KP2-S1,A3,CA,Kausi Primary,71,T739,same as B1 UN,4,6,20,18
740,KP2-S1-A4-CA,KP2-S1-A4,KP2-S1,A4,CA,Kausi Primary,273,T740,same as B4 CA,9,6,20,28
741,KP2-S1-A1-UN,KP2-S1-A1,KP2-S1,A1,UN,Kausi Primary,52,T741,,3,1,10,1.5
742,KP2-S1-A2-UN,KP2-S1-A2,KP2-S1,A2,UN,Kausi Primary,44,T742,,0,0,5,1.5
743,KP2-S1-A3-UN,KP2-S1-A3,KP2-S1,A3,UN,Kausi Primary,15,T743,,0,3,20,1.5
744,KP2-S1-A4-UN,KP2-S1-A4,KP2-S1,A4,UN,Kausi Primary,22,T744,,0,2,10,1.5
745,KP2-S1-B1-CA,KP2-S1-B1,KP2-S1,B1,CA,Kausi Primary,100,T745,same as C1 CA,1,0,5,20
746,KP2-S1-B2-CA,KP2-S1-B2,KP2-S1,B2,CA,Kausi Primary,100,T745,same as C1 CA,1,0,5,7
747,KP2-S1-B3-CA,KP2-S1-B3,KP2-S1,B3,CA,Kausi Primary,100,T745,same as C1 CA,1,0,5,18
748,KP2-S1-B4-CA,KP2-S1-B4,KP2-S1,B4,CA,Kausi Primary,273,T740,same as A3 CA,9,4,20,24
749,KP2-S1-B1-UN,KP2-S1-B1,KP2-S1,B1,UN,Kausi Primary,71,T739,same as A3 CA,0,0,5,1.5
750,KP2-S1-B2-UN,KP2-S1-B2,KP2-S1,B2,UN,Kausi Primary,31,T750,,1,0,5,1.5
751,KP2-S1-B3-UN,KP2-S1-B3,KP2-S1,B3,UN,Kausi Primary,21,T751,,2,,,1.5
752,KP2-S1-B4-UN,KP2-S1-B4,KP2-S1,B4,UN,Kausi Primary,12,T752,,0,3,15,1.5
753,KP2-S1-C1-CA,KP2-S1-C1,KP2-S1,C1,CA,Kausi Primary,100,T753,,2,1,5,17
754,KP2-S1-C2-CA,KP2-S1-C2,KP2-S1,C2,CA,Kausi Primary,294,T754,,0,4,20,18
755,KP2-S1-C3-CA,KP2-S1-C3,KP2-S1,C3,CA,Kausi Primary,75,T759,same as C4 CA,2,3,15,13
756,KP2-S1-C4-CA,KP2-S1-C4,KP2-S1,C4,CA,Kausi Primary,75,T759,same C3 CA,2,3,15,16
757,KP2-S1-C1-UN,KP2-S1-C1,KP2-S1,C1,UN,Kausi Primary,34,T757,,1,0,5,1.5
758,KP2-S1-C2-UN,KP2-S1-C2,KP2-S1,C2,UN,Kausi Primary,13,T758,,0,4,30,1.5
759,KP2-S1-C3-UN,KP2-S1-C3,KP2-S1,C3,UN,Kausi Primary,75,T759,same as C4 CA,2,3,15,1.5
760,KP2-S1-C4-UN,KP2-S1-C4,KP2-S1,C4,UN,Kausi Primary,26,T760,,3,1,5,1.5
761,KP2-S1-D1-CA,KP2-S1-D1,KP2-S1,D1,CA,Kausi Primary,260,T761,,>20,8,50,22
762,KP2-S1-D2-CA,KP2-S1-D2,KP2-S1,D2,CA,Kausi Primary,260,T762,,>20,8,50,10
763,KP2-S1-D3-CA,KP2-S1-D3,KP2-S1,D3,CA,Kausi Primary,260,T763,,3,8,50,31
764,KP2-S1-D4-CA,KP2-S1-D4,KP2-S1,D4,CA,Kausi Primary,1200,T764,fig tree,>20,2,10,32
765,KP2-S1-D1-UN,KP2-S1-D1,KP2-S1,D1,UN,Kausi Primary,22,T765,,1,0,5,1.5
766,KP2-S1-D2-UN,KP2-S1-D2,KP2-S1,D2,UN,Kausi Primary,25,T766,,1,2,20,1.5
767,KP2-S1-D3-UN,KP2-S1-D3,KP2-S1,D3,UN,Kausi Primary,29,T767,,0,1,10,1.5
768,KP2-S1-D4-UN,KP2-S1-D4,KP2-S1,D4,UN,Kausi Primary,50,T768,,0,0,5,1.5
769,KP2-S2-A1-CA,KP2-S2-A1,KP2-S2,A1,CA,Kausi Primary,74,T769,same as B1 CA,7,0,5,11
770,KP2-S2-A2-CA,KP2-S2-A2,KP2-S2,A2,CA,Kausi Primary,250,T770,same as B2 CA,8,1,10,25
771,KP2-S2-A3-CA,KP2-S2-A3,KP2-S2,A3,CA,Kausi Primary,250,T770,same as B2 CA,8,1,10,25
772,KP2-S2-A4-CA,KP2-S2-A4,KP2-S2,A4,CA,Kausi Primary,250,T770,same as B2 CA,8,1,10,25
773,KP2-S2-A1-UN,KP2-S2-A1,KP2-S2,A1,UN,Kausi Primary,11,T773,,4,0,5,1.5
774,KP2-S2-A2-UN,KP2-S2-A2,KP2-S2,A2,UN,Kausi Primary,36,T774,,1,1,5,1.5
775,KP2-S2-A3-UN,KP2-S2-A3,KP2-S2,A3,UN,Kausi Primary,26,T775,,1,2,40,1.5
776,KP2-S2-A4-UN,KP2-S2-A4,KP2-S2,A4,UN,Kausi Primary,30,T776,,2,0,5,1.5
777,KP2-S2-B1-CA,KP2-S2-B1,KP2-S2,B1,CA,Kausi Primary,74,T769,same as A1 CA,7,0,5,13
778,KP2-S2-B2-CA,KP2-S2-B2,KP2-S2,B2,CA,Kausi Primary,250,T770,same as A2 CA,8,,,24
779,KP2-S2-B3-CA,KP2-S2-B3,KP2-S2,B3,CA,Kausi Primary,57,T779,,3,0,5,11
780,KP2-S2-B4-CA,KP2-S2-B4,KP2-S2,B4,CA,Kausi Primary,97,T780,same as D4 CA,0,1,10,12
781,KP2-S2-B1-UN,KP2-S2-B1,KP2-S2,B1,UN,Kausi Primary,24,T781,,1,1,10,1.5
782,KP2-S2-B2-UN,KP2-S2-B2,KP2-S2,B2,UN,Kausi Primary,42,T782,,2,1,5,1.5
783,KP2-S2-B3-UN,KP2-S2-B3,KP2-S2,B3,UN,Kausi Primary,18,T783,,3,0,5,1.5
784,KP2-S2-B4-UN,KP2-S2-B4,KP2-S2,B4,UN,Kausi Primary,36,T784,,1,0,10,1.5
785,KP2-S2-C1-CA,KP2-S2-C1,KP2-S2,C1,CA,Kausi Primary,55,T785,same as C2 CA,NA,3,10,NA
786,KP2-S2-C2-CA,KP2-S2-C2,KP2-S2,C2,CA,Kausi Primary,55,T785,same as C1 CA,6,3,10,17
787,KP2-S2-C3-CA,KP2-S2-C3,KP2-S2,C3,CA,Kausi Primary,123,T787,,6,0,10,22
788,KP2-S2-C4-CA,KP2-S2-C4,KP2-S2,C4,CA,Kausi Primary,97,T780,same as D4 CA,0,0,10,14
789,KP2-S2-C1-UN,KP2-S2-C1,KP2-S2,C1,UN,Kausi Primary,17,T789,,1,3,10,1.5
790,KP2-S2-C2-UN,KP2-S2-C2,KP2-S2,C2,UN,Kausi Primary,15,T790,,2,0,5,1.5
791,KP2-S2-C3-UN,KP2-S2-C3,KP2-S2,C3,UN,Kausi Primary,22,T791,,0,0,5,1.5
792,KP2-S2-C4-UN,KP2-S2-C4,KP2-S2,C4,UN,Kausi Primary,26,T792,,0,0,5,1.5
793,KP2-S2-D1-CA,KP2-S2-D1,KP2-S2,D1,CA,Kausi Primary,39,T793,same as D1 UN,0,1,10,13
794,KP2-S2-D2-CA,KP2-S2-D2,KP2-S2,D2,CA,Kausi Primary,110,T794,,0,2,10,16
795,KP2-S2-D3-CA,KP2-S2-D3,KP2-S2,D3,CA,Kausi Primary,39,T795,,2,3,20,14
796,KP2-S2-D4-CA,KP2-S2-D4,KP2-S2,D4,CA,Kausi Primary,97,T780,same as B4 CA,0,0,10,14
797,KP2-S2-D1-UN,KP2-S2-D1,KP2-S2,D1,UN,Kausi Primary,39,T793,same as D1 CA,0,0,10,1.5
798,KP2-S2-D2-UN,KP2-S2-D2,KP2-S2,D2,UN,Kausi Primary,29,T798,,2,2,10,1.5
799,KP2-S2-D3-UN,KP2-S2-D3,KP2-S2,D3,UN,Kausi Primary,28,T799,,2,3,20,1.5
800,KP2-S2-D4-UN,KP2-S2-D4,KP2-S2,D4,UN,Kausi Primary,19,T800,,0,1,10,1.5
801,KP2-S3-A1-CA,KP2-S3-A1,KP2-S3,A1,CA,Kausi Primary,127,T801,,4,4,10,21
802,KP2-S3-A2-CA,KP2-S3-A2,KP2-S3,A2,CA,Kausi Primary,202,T802,,4,3,5,18
803,KP2-S3-A3-CA,KP2-S3-A3,KP2-S3,A3,CA,Kausi Primary,246,T803,,7,4,15,16
804,KP2-S3-A4-CA,KP2-S3-A4,KP2-S3,A4,CA,Kausi Primary,98,T804,same as B4 CA,10,4,10,23
805,KP2-S3-A1-UN,KP2-S3-A1,KP2-S3,A1,UN,Kausi Primary,47,T805,,1,0,3,1.5
806,KP2-S3-A2-UN,KP2-S3-A2,KP2-S3,A2,UN,Kausi Primary,57,T806,,5,2,5,1.5
807,KP2-S3-A3-UN,KP2-S3-A3,KP2-S3,A3,UN,Kausi Primary,35,T807,,1,2,10,1.5
808,KP2-S3-A4-UN,KP2-S3-A4,KP2-S3,A4,UN,Kausi Primary,32,T808,,4,1,3,1.5
809,KP2-S3-B1-CA,KP2-S3-B1,KP2-S3,B1,CA,Kausi Primary,91,T809,,6,0,15,18
810,KP2-S3-B2-CA,KP2-S3-B2,KP2-S3,B2,CA,Kausi Primary,98,T804,same as B4 CA,2,2,7,28
811,KP2-S3-B3-CA,KP2-S3-B3,KP2-S3,B3,CA,Kausi Primary,98,T804,same as B4 CA,0,0,5,23
812,KP2-S3-B4-CA,KP2-S3-B4,KP2-S3,B4,CA,Kausi Primary,98,T804,same as A4 CA,0,0,5,25
813,KP2-S3-B1-UN,KP2-S3-B1,KP2-S3,B1,UN,Kausi Primary,28,T813,,2,0,2,1.5
814,KP2-S3-B2-UN,KP2-S3-B2,KP2-S3,B2,UN,Kausi Primary,29,T814,,6,1,10,1.5
815,KP2-S3-B3-UN,KP2-S3-B3,KP2-S3,B3,UN,Kausi Primary,22,T815,,2,1,7,1.5
816,KP2-S3-B4-UN,KP2-S3-B4,KP2-S3,B4,UN,Kausi Primary,37,T816,,1,1,10,1.5
817,KP2-S3-C1-CA,KP2-S3-C1,KP2-S3,C1,CA,Kausi Primary,73,T817,,5,1,5,19
818,KP2-S3-C2-CA,KP2-S3-C2,KP2-S3,C2,CA,Kausi Primary,34,T818,,0,0,5,16
819,KP2-S3-C3-CA,KP2-S3-C3,KP2-S3,C3,CA,Kausi Primary,391,T819,same as C4 CA,>20,3,15,19
820,KP2-S3-C4-CA,KP2-S3-C4,KP2-S3,C4,CA,Kausi Primary,391,T819,same as C3 CA,0,0,5,12
821,KP2-S3-C1-UN,KP2-S3-C1,KP2-S3,C1,UN,Kausi Primary,34,T821,,2,0,1,1.5
822,KP2-S3-C2-UN,KP2-S3-C2,KP2-S3,C2,UN,Kausi Primary,34,T822,,3,1,5,1.5
823,KP2-S3-C3-UN,KP2-S3-C3,KP2-S3,C3,UN,Kausi Primary,13,T823,,4,2,10,1.5
824,KP2-S3-C4-UN,KP2-S3-C4,KP2-S3,C4,UN,Kausi Primary,47,T824,,3,3,15,1.5
825,KP2-S3-D1-CA,KP2-S3-D1,KP2-S3,D1,CA,Kausi Primary,534,T825,,>20,3,10,22
826,KP2-S3-D2-CA,KP2-S3-D2,KP2-S3,D2,CA,Kausi Primary,57,T826,,0,0,5,14
827,KP2-S3-D3-CA,KP2-S3-D3,KP2-S3,D3,CA,Kausi Primary,391,T819,same as C3 CA,0,0,5,18
828,KP2-S3-D4-CA,KP2-S3-D4,KP2-S3,D4,CA,Kausi Primary,73,T828,,1,1,7,14
829,KP2-S3-D1-UN,KP2-S3-D1,KP2-S3,D1,UN,Kausi Primary,57,T829,,4,0,5,1.5
830,KP2-S3-D2-UN,KP2-S3-D2,KP2-S3,D2,UN,Kausi Primary,27,T830,,4,1,5,1.5
831,KP2-S3-D3-UN,KP2-S3-D3,KP2-S3,D3,UN,Kausi Primary,35,T831,,5,2,20,1.5
832,KP2-S3-D4-UN,KP2-S3-D4,KP2-S3,D4,UN,Kausi Primary,34,T832,,2,0,10,1.5
833,KP4-S1-A1-CA,KP4-S1-A1,KP4-S1,A1,CA,Kausi Primary,195,T833,,5,0,15,18
834,KP4-S1-A2-CA,KP4-S1-A2,KP4-S1,A2,CA,Kausi Primary,58,T834,,0,1,15,13
835,KP4-S1-A3-CA,KP4-S1-A3,KP4-S1,A3,CA,Kausi Primary,78,T835,,0,1,5,23
836,KP4-S1-A4-CA,KP4-S1-A4,KP4-S1,A4,CA,Kausi Primary,131,T836,outside plot,6,0,5,20
837,KP4-S1-A1-UN,KP4-S1-A1,KP4-S1,A1,UN,Kausi Primary,33,T837,,1,0,15,1.5
838,KP4-S1-A2-UN,KP4-S1-A2,KP4-S1,A2,UN,Kausi Primary,47,T838,,0,0,5,1.5
839,KP4-S1-A3-UN,KP4-S1-A3,KP4-S1,A3,UN,Kausi Primary,21,T839,,3,0,5,1.5
840,KP4-S1-A4-UN,KP4-S1-A4,KP4-S1,A4,UN,Kausi Primary,18,T840,,0,0,5,1.5
841,KP4-S1-B1-CA,KP4-S1-B1,KP4-S1,B1,CA,Kausi Primary,49,T845,same as B1 UN,0,0,5,14
842,KP4-S1-B2-CA,KP4-S1-B2,KP4-S1,B2,CA,Kausi Primary,105,T842,same as B3 CA,0,0,10,21
843,KP4-S1-B3-CA,KP4-S1-B3,KP4-S1,B3,CA,Kausi Primary,105,T842,same as B2 CA,0,2,10,28
844,KP4-S1-B4-CA,KP4-S1-B4,KP4-S1,B4,CA,Kausi Primary,58,T844,outside plot,0,2,5,18
845,KP4-S1-B1-UN,KP4-S1-B1,KP4-S1,B1,UN,Kausi Primary,49,T845,same as B1 CA,0,0,5,1.5
846,KP4-S1-B2-UN,KP4-S1-B2,KP4-S1,B2,UN,Kausi Primary,36,T846,,0,0,10,1.5
847,KP4-S1-B3-UN,KP4-S1-B3,KP4-S1,B3,UN,Kausi Primary,30,T847,,0,1,10,1.5
848,KP4-S1-B4-UN,KP4-S1-B4,KP4-S1,B4,UN,Kausi Primary,24,T848,,1,0,10,1.5
849,KP4-S1-C1-CA,KP4-S1-C1,KP4-S1,C1,CA,Kausi Primary,205,T849,same as C2 CA,5,2,20,15
850,KP4-S1-C2-CA,KP4-S1-C2,KP4-S1,C2,CA,Kausi Primary,205,T849,same as C1 CA,5,2,20,25
851,KP4-S1-C3-CA,KP4-S1-C3,KP4-S1,C3,CA,Kausi Primary,205,T849,same as C1 CA,5,2,20,26
852,KP4-S1-C4-CA,KP4-S1-C4,KP4-S1,C4,CA,Kausi Primary,53,T852,,2,5,5,18
853,KP4-S1-C1-UN,KP4-S1-C1,KP4-S1,C1,UN,Kausi Primary,38,T853,,0,0,10,1.5
854,KP4-S1-C2-UN,KP4-S1-C2,KP4-S1,C2,UN,Kausi Primary,49,T854,,0,2,15,1.5
855,KP4-S1-C3-UN,KP4-S1-C3,KP4-S1,C3,UN,Kausi Primary,36,T855,,0,0,5,1.5
856,KP4-S1-C4-UN,KP4-S1-C4,KP4-S1,C4,UN,Kausi Primary,19,T856,,0,0,5,1.5
857,KP4-S1-D1-CA,KP4-S1-D1,KP4-S1,D1,CA,Kausi Primary,45,T857,,3,0,5,12
858,KP4-S1-D2-CA,KP4-S1-D2,KP4-S1,D2,CA,Kausi Primary,56,T858,,1,0,5,14
859,KP4-S1-D3-CA,KP4-S1-D3,KP4-S1,D3,CA,Kausi Primary,77,T862,same as D2 UN,0,0,5,15
860,KP4-S1-D4-CA,KP4-S1-D4,KP4-S1,D4,CA,Kausi Primary,108,T860,,11,0,5,15
861,KP4-S1-D1-UN,KP4-S1-D1,KP4-S1,D1,UN,Kausi Primary,34,T861,,2,1,10,1.5
862,KP4-S1-D2-UN,KP4-S1-D2,KP4-S1,D2,UN,Kausi Primary,77,T862,same as D3 CA,0,0,5,1.5
863,KP4-S1-D3-UN,KP4-S1-D3,KP4-S1,D3,UN,Kausi Primary,45,T863,,2,0,5,1.5
864,KP4-S1-D4-UN,KP4-S1-D4,KP4-S1,D4,UN,Kausi Primary,43,T864,,1,0,10,1.5
865,KP4-S2-A1-CA,KP4-S2-A1,KP4-S2,A1,CA,Kausi Primary,302,T865,,2,0,70,26
866,KP4-S2-A2-CA,KP4-S2-A2,KP4-S2,A2,CA,Kausi Primary,163,T867,same as A3 CA,2,1,5,24
867,KP4-S2-A3-CA,KP4-S2-A3,KP4-S2,A3,CA,Kausi Primary,163,T867,same as A2 CA,1,2,10,15
868,KP4-S2-A4-CA,KP4-S2-A4,KP4-S2,A4,CA,Kausi Primary,82,T868,,2,0,5,14
869,KP4-S2-A1-UN,KP4-S2-A1,KP4-S2,A1,UN,Kausi Primary,52,T869,,1,0,5,1.5
870,KP4-S2-A2-UN,KP4-S2-A2,KP4-S2,A2,UN,Kausi Primary,39,T870,,0,0,5,1.5
871,KP4-S2-A3-UN,KP4-S2-A3,KP4-S2,A3,UN,Kausi Primary,34,T871,,0,1,5,1.5
872,KP4-S2-A4-UN,KP4-S2-A4,KP4-S2,A4,UN,Kausi Primary,47,T872,,5,2,15,1.5
873,KP4-S2-B1-CA,KP4-S2-B1,KP4-S2,B1,CA,Kausi Primary,75,T874,sane as B2 Ca,2,0,5,15
874,KP4-S2-B2-CA,KP4-S2-B2,KP4-S2,B2,CA,Kausi Primary,75,T874,same as B1 CA,2,0,5,13
875,KP4-S2-B3-CA,KP4-S2-B3,KP4-S2,B3,CA,Kausi Primary,104,T875,same as B4 CA,4,3,50,11
876,KP4-S2-B4-CA,KP4-S2-B4,KP4-S2,B4,CA,Kausi Primary,104,T875,same as B3 CA,4,3,50,18
877,KP4-S2-B1-UN,KP4-S2-B1,KP4-S2,B1,UN,Kausi Primary,32,T877,,5,0,10,1.5
878,KP4-S2-B2-UN,KP4-S2-B2,KP4-S2,B2,UN,Kausi Primary,30,T878,,0,2,20,1.5
879,KP4-S2-B3-UN,KP4-S2-B3,KP4-S2,B3,UN,Kausi Primary,25,T879,,1,1,0,1.5
880,KP4-S2-B4-UN,KP4-S2-B4,KP4-S2,B4,UN,Kausi Primary,43,T880,,3,1,50,1.5
881,KP4-S2-C1-CA,KP4-S2-C1,KP4-S2,C1,CA,Kausi Primary,237,T881,same as D1 CA,4,3,50,18
882,KP4-S2-C2-CA,KP4-S2-C2,KP4-S2,C2,CA,Kausi Primary,52,T882,same as D3 UN,0,1,20,17
883,KP4-S2-C3-CA,KP4-S2-C3,KP4-S2,C3,CA,Kausi Primary,104,T883,same as B3 CA,4,3,50,18
884,KP4-S2-C4-CA,KP4-S2-C4,KP4-S2,C4,CA,Kausi Primary,104,T883,same as B3 CA,4,3,50,20
885,KP4-S2-C1-UN,KP4-S2-C1,KP4-S2,C1,UN,Kausi Primary,26,T885,,2,1,20,1.5
886,KP4-S2-C2-UN,KP4-S2-C2,KP4-S2,C2,UN,Kausi Primary,31,T886,,3,0,5,1.5
887,KP4-S2-C3-UN,KP4-S2-C3,KP4-S2,C3,UN,Kausi Primary,52,T887,,1,1,20,1.5
888,KP4-S2-C4-UN,KP4-S2-C4,KP4-S2,C4,UN,Kausi Primary,28,T888,,0,1,30,1.5
889,KP4-S2-D1-CA,KP4-S2-D1,KP4-S2,D1,CA,Kausi Primary,237,T881,same as C1 CA,4,3,50,20
890,KP4-S2-D2-CA,KP4-S2-D2,KP4-S2,D2,CA,Kausi Primary,237,T881,same as C1 CA,4,3,50,20
891,KP4-S2-D3-CA,KP4-S2-D3,KP4-S2,D3,CA,Kausi Primary,66,T891,,0,2,60,18
892,KP4-S2-D4-CA,KP4-S2-D4,KP4-S2,D4,CA,Kausi Primary,104,T875,same as B3 CA,4,3,50,14
893,KP4-S2-D1-UN,KP4-S2-D1,KP4-S2,D1,UN,Kausi Primary,54,T893,,1,1,40,1.5
894,KP4-S2-D2-UN,KP4-S2-D2,KP4-S2,D2,UN,Kausi Primary,56,T894,,2,0,5,1.5
895,KP4-S2-D3-UN,KP4-S2-D3,KP4-S2,D3,UN,Kausi Primary,66,T895,,0,2,60,1.5
896,KP4-S2-D4-UN,KP4-S2-D4,KP4-S2,D4,UN,Kausi Primary,57,T896,,3,,,1.5
897,KP4-S3-A1-CA,KP4-S3-A1,KP4-S3,A1,CA,Kausi Primary,325,T897,same as A2 CA,0,3,5,21
898,KP4-S3-A2-CA,KP4-S3-A2,KP4-S3,A2,CA,Kausi Primary,325,T897,same as A1 CA,0,3,5,19
899,KP4-S3-A3-CA,KP4-S3-A3,KP4-S3,A3,CA,Kausi Primary,217,T899,,0,2,5,21
900,KP4-S3-A4-CA,KP4-S3-A4,KP4-S3,A4,CA,Kausi Primary,210,T900,outside plot,0,1,5,18
901,KP4-S3-A1-UN,KP4-S3-A1,KP4-S3,A1,UN,Kausi Primary,40,T901,,0,3,30,1.5
902,KP4-S3-A2-UN,KP4-S3-A2,KP4-S3,A2,UN,Kausi Primary,22,T902,,1,1,5,1.5
903,KP4-S3-A3-UN,KP4-S3-A3,KP4-S3,A3,UN,Kausi Primary,26,T903,,0,0,5,1.5
904,KP4-S3-A4-UN,KP4-S3-A4,KP4-S3,A4,UN,Kausi Primary,35,T904,,0,0,5,1.5
905,KP4-S3-B1-CA,KP4-S3-B1,KP4-S3,B1,CA,Kausi Primary,150,T905,measured with roots,0,3,5,16
906,KP4-S3-B2-CA,KP4-S3-B2,KP4-S3,B2,CA,Kausi Primary,78,T906,same as B2 UN,0,1,5,15
907,KP4-S3-B3-CA,KP4-S3-B3,KP4-S3,B3,CA,Kausi Primary,106,T907,same as B4 CA,1,0,10,17
908,KP4-S3-B4-CA,KP4-S3-B4,KP4-S3,B4,CA,Kausi Primary,106,T907,same as B3 CA,1,0,10,19
909,KP4-S3-B1-UN,KP4-S3-B1,KP4-S3,B1,UN,Kausi Primary,43,T909,,1,0,5,1.5
910,KP4-S3-B2-UN,KP4-S3-B2,KP4-S3,B2,UN,Kausi Primary,78,T906,same as B3 CA,0,1,5,1.5
911,KP4-S3-B3-UN,KP4-S3-B3,KP4-S3,B3,UN,Kausi Primary,27,T911,,1,0,5,1.5
912,KP4-S3-B4-UN,KP4-S3-B4,KP4-S3,B4,UN,Kausi Primary,38,T912,,1,0,5,1.5
913,KP4-S3-C1-CA,KP4-S3-C1,KP4-S3,C1,CA,Kausi Primary,450,T913,,0,3,5,21
914,KP4-S3-C2-CA,KP4-S3-C2,KP4-S3,C2,CA,Kausi Primary,185,T914,same as D1 CA,1,4,10,20
915,KP4-S3-C3-CA,KP4-S3-C3,KP4-S3,C3,CA,Kausi Primary,46,T915,same as D3 CA,0,2,5,18
916,KP4-S3-C4-CA,KP4-S3-C4,KP4-S3,C4,CA,Kausi Primary,106,T907,same as B3 CA,1,1,5,17
917,KP4-S3-C1-UN,KP4-S3-C1,KP4-S3,C1,UN,Kausi Primary,42,T917,,0,0,10,1.5
918,KP4-S3-C2-UN,KP4-S3-C2,KP4-S3,C2,UN,Kausi Primary,23,T918,,0,0,5,1.5
919,KP4-S3-C3-UN,KP4-S3-C3,KP4-S3,C3,UN,Kausi Primary,39,T919,,0,0,5,1.5
920,KP4-S3-C4-UN,KP4-S3-C4,KP4-S3,C4,UN,Kausi Primary,49,T920,,1,1,5,1.5
921,KP4-S3-D1-CA,KP4-S3-D1,KP4-S3,D1,CA,Kausi Primary,185,T914,same as C2 CA,0,4,10,16
922,KP4-S3-D2-CA,KP4-S3-D2,KP4-S3,D2,CA,Kausi Primary,185,T914,same as C2 CA,0,4,10,17
923,KP4-S3-D3-CA,KP4-S3-D3,KP4-S3,D3,CA,Kausi Primary,46,T915,same as C3 CA,0,2,5,12
924,KP4-S3-D4-CA,KP4-S3-D4,KP4-S3,D4,CA,Kausi Primary,49,T924,same as D4 UN,0,1,10,8
925,KP4-S3-D1-UN,KP4-S3-D1,KP4-S3,D1,UN,Kausi Primary,43,T925,,2,0,5,1.5
926,KP4-S3-D2-UN,KP4-S3-D2,KP4-S3,D2,UN,Kausi Primary,20,T926,,0,0,5,1.5
927,KP4-S3-D3-UN,KP4-S3-D3,KP4-S3,D3,UN,Kausi Primary,21,T927,,0,0,5,1.5
928,KP4-S3-D4-UN,KP4-S3-D4,KP4-S3,D4,UN,Kausi Primary,49,T924,same as D4 CA,0,1,10,1.5
929,KP6-S1-A1-CA,KP6-S1-A1,KP6-S1,A1,CA,Kausi Primary,55,T929,,2,0,5,8
930,KP6-S1-A2-CA,KP6-S1-A2,KP6-S1,A2,CA,Kausi Primary,114,T930,,0,1,5,19
931,KP6-S1-A3-CA,KP6-S1-A3,KP6-S1,A3,CA,Kausi Primary,80,T948,same as C4 CA,8,0,5,24
932,KP6-S1-A4-CA,KP6-S1-A4,KP6-S1,A4,CA,Kausi Primary,94,T932,,10,5,10,27
933,KP6-S1-A1-UN,KP6-S1-A1,KP6-S1,A1,UN,Kausi Primary,14,T933,,1,0,5,1.5
934,KP6-S1-A2-UN,KP6-S1-A2,KP6-S1,A2,UN,Kausi Primary,12,T934,,1,1,5,1.5
935,KP6-S1-A3-UN,KP6-S1-A3,KP6-S1,A3,UN,Kausi Primary,47,T935,,1,1,5,1.5
936,KP6-S1-A4-UN,KP6-S1-A4,KP6-S1,A4,UN,Kausi Primary,23,T936,,0,1,5,1.5
937,KP6-S1-B1-CA,KP6-S1-B1,KP6-S1,B1,CA,Kausi Primary,38,T937,,1,0,5,10
938,KP6-S1-B2-CA,KP6-S1-B2,KP6-S1,B2,CA,Kausi Primary,71,T945,same as C1 CA,>20,5,10,19
939,KP6-S1-B3-CA,KP6-S1-B3,KP6-S1,B3,CA,Kausi Primary,80,T939,same as A3 CA,10,5,10,19
940,KP6-S1-B4-CA,KP6-S1-B4,KP6-S1,B4,CA,Kausi Primary,80,T939,same as A3 CA,10,5,10,22
941,KP6-S1-B1-UN,KP6-S1-B1,KP6-S1,B1,UN,Kausi Primary,46,T941,,1,1,5,1.5
942,KP6-S1-B2-UN,KP6-S1-B2,KP6-S1,B2,UN,Kausi Primary,22,T942,,1,2,20,1.5
943,KP6-S1-B3-UN,KP6-S1-B3,KP6-S1,B3,UN,Kausi Primary,41,T943,,0,1,5,1.5
944,KP6-S1-B4-UN,KP6-S1-B4,KP6-S1,B4,UN,Kausi Primary,22,T944,,1,1,5,1.5
945,KP6-S1-C1-CA,KP6-S1-C1,KP6-S1,C1,CA,Kausi Primary,71,T945,same as B2 CA,>20,5,10,23
946,KP6-S1-C2-CA,KP6-S1-C2,KP6-S1,C2,CA,Kausi Primary,71,T945,same as B2 CA,>20,5,10,24
947,KP6-S1-C3-CA,KP6-S1-C3,KP6-S1,C3,CA,Kausi Primary,71,T945,same as B2 CA,10,5,10,29
948,KP6-S1-C4-CA,KP6-S1-C4,KP6-S1,C4,CA,Kausi Primary,80,T948,same as A3 CA,10,5,10,25
949,KP6-S1-C1-UN,KP6-S1-C1,KP6-S1,C1,UN,Kausi Primary,40,T949,,0,1,5,1.5
950,KP6-S1-C2-UN,KP6-S1-C2,KP6-S1,C2,UN,Kausi Primary,29,T950,,0,1,5,1.5
951,KP6-S1-C3-UN,KP6-S1-C3,KP6-S1,C3,UN,Kausi Primary,21,T951,,0,1,5,1.5
952,KP6-S1-C4-UN,KP6-S1-C4,KP6-S1,C4,UN,Kausi Primary,26,T952,,0,1,5,1.5
953,KP6-S1-D1-CA,KP6-S1-D1,KP6-S1,D1,CA,Kausi Primary,20,T953,,>20,4,20,16
954,KP6-S1-D2-CA,KP6-S1-D2,KP6-S1,D2,CA,Kausi Primary,70,T954,,8,0,5,25
955,KP6-S1-D3-CA,KP6-S1-D3,KP6-S1,D3,CA,Kausi Primary,245,T955,outside plot: same as D4 CA,15,6,25,26
956,KP6-S1-D4-CA,KP6-S1-D4,KP6-S1,D4,CA,Kausi Primary,245,T955,outside plot: same as D3 CA,15,6,20,21
957,KP6-S1-D1-UN,KP6-S1-D1,KP6-S1,D1,UN,Kausi Primary,21,T957,,1,0,5,1.5
958,KP6-S1-D2-UN,KP6-S1-D2,KP6-S1,D2,UN,Kausi Primary,22,T958,,2,2,5,1.5
959,KP6-S1-D3-UN,KP6-S1-D3,KP6-S1,D3,UN,Kausi Primary,27,T959,,0,0,5,1.5
960,KP6-S1-D4-UN,KP6-S1-D4,KP6-S1,D4,UN,Kausi Primary,24,T960,,0,1,5,1.5
961,KP6-S2-A1-CA,KP6-S2-A1,KP6-S2,A1,CA,Kausi Primary,39,T961,"Phil comment: values make no sense, dont use",>20,0,5,30
962,KP6-S2-A2-CA,KP6-S2-A2,KP6-S2,A2,CA,Kausi Primary,6,T962,"Phil comment: values make no sense, dont use",15,6,10,21
963,KP6-S2-A3-CA,KP6-S2-A3,KP6-S2,A3,CA,Kausi Primary,201,T963,"Phil comment: values make no sense, dont use",>20,6,10,26
964,KP6-S2-A4-CA,KP6-S2-A4,KP6-S2,A4,CA,Kausi Primary,9,T964,"Phil comment: values make no sense, dont use",>20,6,10,18
965,KP6-S2-A1-UN,KP6-S2-A1,KP6-S2,A1,UN,Kausi Primary,30,T965,,1,0,5,1.5
966,KP6-S2-A2-UN,KP6-S2-A2,KP6-S2,A2,UN,Kausi Primary,201,T966,,1,2,15,1.5
967,KP6-S2-A3-UN,KP6-S2-A3,KP6-S2,A3,UN,Kausi Primary,5,T967,,0,0,5,1.5
968,KP6-S2-A4-UN,KP6-S2-A4,KP6-S2,A4,UN,Kausi Primary,20,T968,,0,0,5,1.5
969,KP6-S2-B1-CA,KP6-S2-B1,KP6-S2,B1,CA,Kausi Primary,27,T969,"Phil comment: values make no sense, dont use",14,1,5,23
970,KP6-S2-B2-CA,KP6-S2-B2,KP6-S2,B2,CA,Kausi Primary,37,T970,"Phil comment: values make no sense, dont use",2,0,5,9
971,KP6-S2-B3-CA,KP6-S2-B3,KP6-S2,B3,CA,Kausi Primary,33,T971,"Phil comment: values make no sense, dont use",1,1,5,8
972,KP6-S2-B4-CA,KP6-S2-B4,KP6-S2,B4,CA,Kausi Primary,9,T972,"Phil comment: values make no sense, dont use",15,6,10,24
973,KP6-S2-B1-UN,KP6-S2-B1,KP6-S2,B1,UN,Kausi Primary,101,T973,,2,1,5,1.5
974,KP6-S2-B2-UN,KP6-S2-B2,KP6-S2,B2,UN,Kausi Primary,37,T974,,2,0,5,1.5
975,KP6-S2-B3-UN,KP6-S2-B3,KP6-S2,B3,UN,Kausi Primary,33,T975,,1,1,5,1.5
976,KP6-S2-B4-UN,KP6-S2-B4,KP6-S2,B4,UN,Kausi Primary,201,T966,same as A2 CA,1,0,5,1.5
977,KP6-S2-C1-CA,KP6-S2-C1,KP6-S2,C1,CA,Kausi Primary,26,T977,"Phil comment: values make no sense, dont use",15,6,10,21
978,KP6-S2-C2-CA,KP6-S2-C2,KP6-S2,C2,CA,Kausi Primary,25,T978,"Phil comment: values make no sense, dont use",15,6,10,20
979,KP6-S2-C3-CA,KP6-S2-C3,KP6-S2,C3,CA,Kausi Primary,38,T979,"Phil comment: values make no sense, dont use",15,6,10,21
980,KP6-S2-C4-CA,KP6-S2-C4,KP6-S2,C4,CA,Kausi Primary,26,T980,"Phil comment: values make no sense, dont use",15,6,10,23
981,KP6-S2-C1-UN,KP6-S2-C1,KP6-S2,C1,UN,Kausi Primary,200,T981,same as C2 CA,1,0,5,1.5
982,KP6-S2-C2-UN,KP6-S2-C2,KP6-S2,C2,UN,Kausi Primary,200,T981,same as C1 CA,0,0,5,1.5
983,KP6-S2-C3-UN,KP6-S2-C3,KP6-S2,C3,UN,Kausi Primary,200,T981,same as C1 CA,0,3,10,1.5
984,KP6-S2-C4-UN,KP6-S2-C4,KP6-S2,C4,UN,Kausi Primary,200,T981,same as C1 CA,1,0,5,1.5
985,KP6-S2-D1-CA,KP6-S2-D1,KP6-S2,D1,CA,Kausi Primary,31,T985,"Phil comment: values make no sense, dont use",>20,0,5,30
986,KP6-S2-D2-CA,KP6-S2-D2,KP6-S2,D2,CA,Kausi Primary,19,T986,"Phil comment: values make no sense, dont use",15,6,20,21
987,KP6-S2-D3-CA,KP6-S2-D3,KP6-S2,D3,CA,Kausi Primary,34,T987,"Phil comment: values make no sense, dont use",15,6,20,22
988,KP6-S2-D4-CA,KP6-S2-D4,KP6-S2,D4,CA,Kausi Primary,12,T988,"Phil comment: values make no sense, dont use",>20,5,10,20
989,KP6-S2-D1-UN,KP6-S2-D1,KP6-S2,D1,UN,Kausi Primary,201,T989,,0,0,5,1.5
990,KP6-S2-D2-UN,KP6-S2-D2,KP6-S2,D2,UN,Kausi Primary,200,T981,same as C1 CA,0,0,5,1.5
991,KP6-S2-D3-UN,KP6-S2-D3,KP6-S2,D3,UN,Kausi Primary,200,T981,same as C1 CA,0,1,5,1.5
992,KP6-S2-D4-UN,KP6-S2-D4,KP6-S2,D4,UN,Kausi Primary,100,T992,,0,0,5,1.5
993,KP6-S3-A1-CA,KP6-S3-A1,KP6-S3,A1,CA,Kausi Primary,128,T993,,2,0,5,23
994,KP6-S3-A2-CA,KP6-S3-A2,KP6-S3,A2,CA,Kausi Primary,38,T994,same as A2 UN,1,0,5,17
995,KP6-S3-A3-CA,KP6-S3-A3,KP6-S3,A3,CA,Kausi Primary,38,T994,same as A2 UN,NA,,,21
996,KP6-S3-A4-CA,KP6-S3-A4,KP6-S3,A4,CA,Kausi Primary,38,T994,same as A2 UN,NA,,,28
997,KP6-S3-A1-UN,KP6-S3-A1,KP6-S3,A1,UN,Kausi Primary,24,T997,,0,0,5,1.5
998,KP6-S3-A2-UN,KP6-S3-A2,KP6-S3,A2,UN,Kausi Primary,38,T994,same as A2 CA,1,0,5,1.5
999,KP6-S3-A3-UN,KP6-S3-A3,KP6-S3,A3,UN,Kausi Primary,14,T999,,1,0,5,1.5
1000,KP6-S3-A4-UN,KP6-S3-A4,KP6-S3,A4,UN,Kausi Primary,28,T1000,,2,0,5,1.5
1001,KP6-S3-B1-CA,KP6-S3-B1,KP6-S3,B1,CA,Kausi Primary,112,T1001,,3,0,5,19
1002,KP6-S3-B2-CA,KP6-S3-B2,KP6-S3,B2,CA,Kausi Primary,78,T1002,,4,0,5,20
1003,KP6-S3-B3-CA,KP6-S3-B3,KP6-S3,B3,CA,Kausi Primary,28,T1003,same as B3 UN,NA,,,8
1004,KP6-S3-B4-CA,KP6-S3-B4,KP6-S3,B4,CA,Kausi Primary,48,T1004,,NA,,,15
1005,KP6-S3-B1-UN,KP6-S3-B1,KP6-S3,B1,UN,Kausi Primary,45,T1005,,0,0,5,1.5
1006,KP6-S3-B2-UN,KP6-S3-B2,KP6-S3,B2,UN,Kausi Primary,29,T1006,,3,0,5,1.5
1007,KP6-S3-B3-UN,KP6-S3-B3,KP6-S3,B3,UN,Kausi Primary,28,T1003,same as B3 CA,0,0,5,1.5
1008,KP6-S3-B4-UN,KP6-S3-B4,KP6-S3,B4,UN,Kausi Primary,25,T1008,,6,2,20,1.5
1009,KP6-S3-C1-CA,KP6-S3-C1,KP6-S3,C1,CA,Kausi Primary,58,T1009,same as C2 CA,3,0,5,20
1010,KP6-S3-C2-CA,KP6-S3-C2,KP6-S3,C2,CA,Kausi Primary,58,T1009,same as C1 CA,0,0,5,22
1011,KP6-S3-C3-CA,KP6-S3-C3,KP6-S3,C3,CA,Kausi Primary,58,T1009,same as C1 CA,0,0,5,14
1012,KP6-S3-C4-CA,KP6-S3-C4,KP6-S3,C4,CA,Kausi Primary,58,T1009,same as C1 CA,NA,,,16
1013,KP6-S3-C1-UN,KP6-S3-C1,KP6-S3,C1,UN,Kausi Primary,42,T1013,,3,0,5,1.5
1014,KP6-S3-C2-UN,KP6-S3-C2,KP6-S3,C2,UN,Kausi Primary,25,T1014,,0,1,50,1.5
1015,KP6-S3-C3-UN,KP6-S3-C3,KP6-S3,C3,UN,Kausi Primary,38,T1015,,0,0,5,1.5
1016,KP6-S3-C4-UN,KP6-S3-C4,KP6-S3,C4,UN,Kausi Primary,27,T1016,,5,0,5,1.5
1017,KP6-S3-D1-CA,KP6-S3-D1,KP6-S3,D1,CA,Kausi Primary,65,T1017,same as D2 CA,4,0,5,9
1018,KP6-S3-D2-CA,KP6-S3-D2,KP6-S3,D2,CA,Kausi Primary,65,T1017,same as D1 CA,NA,,,19
1019,KP6-S3-D3-CA,KP6-S3-D3,KP6-S3,D3,CA,Kausi Primary,65,T1017,same as D1 CA,NA,,,23
1020,KP6-S3-D4-CA,KP6-S3-D4,KP6-S3,D4,CA,Kausi Primary,65,T1017,same as D1 CA,NA,,,18
1021,KP6-S3-D1-UN,KP6-S3-D1,KP6-S3,D1,UN,Kausi Primary,30,T1021,,3,0,5,1.5
1022,KP6-S3-D2-UN,KP6-S3-D2,KP6-S3,D2,UN,Kausi Primary,20,T1022,,1,0,5,1.5
1023,KP6-S3-D3-UN,KP6-S3-D3,KP6-S3,D3,UN,Kausi Primary,37,T1023,,1,1,20,1.5
1024,KP6-S3-D4-UN,KP6-S3-D4,KP6-S3,D4,UN,Kausi Primary,27,T1024,,3,0,5,1.5
